time,T1_median,T1_p17,T1_p83,ohc_median,ohc_p17,ohc_p83
1750.0,0.0,0.0,0.0,0.0,0.0,0.0
1751.0,0.03141897341525258,-0.036915573500441334,0.09718650428946815,4.909636471007126e+21,3.3546343306655595e+21,6.459824469789962e+21
1752.0,0.05256037139852729,-0.022410846244586544,0.12864597160848212,9.178188620112778e+21,6.238170157726904e+21,1.209377414289119e+22
1753.0,0.06434444391849138,-0.02310057728983471,0.1419561907252855,1.2814249968920896e+22,8.387136481871241e+21,1.693228680483738e+22
1754.0,0.06453232148357753,-0.025028772719108867,0.1458573301218566,1.5876952850329567e+22,9.857577890096886e+21,2.087300479858084e+22
1755.0,0.03038486222742066,-0.05621823209466243,0.10861058812188272,1.2758245900207507e+22,6.198665268911315e+21,1.901506905366211e+22
1756.0,0.011148411356576737,-0.07581848708004761,0.0936721696523879,1.1549838596070338e+22,4.1179003622426395e+21,1.9208905451715122e+22
1757.0,0.01644926111273337,-0.06846162067949046,0.10129308973408692,1.30498600045568e+22,4.70428213806592e+21,2.197326130592047e+22
1758.0,0.0299054913293767,-0.06046665729131305,0.11886745503660337,1.552489216420328e+22,5.976227609566094e+21,2.480133181563269e+22
1759.0,0.03965996182575465,-0.04181479501841434,0.12306761659303582,1.8930655491779046e+22,8.213870770279251e+21,2.8804690957085608e+22
1760.0,0.05294967552121939,-0.027064736528825763,0.1366048115206667,2.2472306382031886e+22,1.1191026126402842e+22,3.3893090641340086e+22
1761.0,0.06728825319697276,-0.014298257691794741,0.14560190644446275,2.6035780183242784e+22,1.3081342548822437e+22,3.894451019226498e+22
1762.0,0.0761299975445791,-0.012077628640990039,0.1600311431320536,2.965879563899474e+22,1.5881520814414891e+22,4.362104792460322e+22
1763.0,-0.014467039496661609,-0.10269130035284633,0.06880677593107776,1.6486102398974103e+22,2.6713490195406887e+21,3.0818111445637332e+22
1764.0,-0.046442952206456375,-0.13190739638969112,0.037916436860933045,9.367048110996346e+21,-5.395871977170966e+21,2.4348676227638227e+22
1765.0,-0.024199768396347195,-0.10502175856525867,0.06354388898414876,9.308778428369417e+21,-5.594861311247439e+21,2.554810514964617e+22
1766.0,0.003144355717494912,-0.08557700532721714,0.0893109503706054,1.1470759918680253e+22,-3.811706628590586e+21,2.770835010249651e+22
1767.0,0.012595600153742139,-0.06619010212493959,0.09754525194708466,1.4144771638564584e+22,-2.0217295540837354e+21,3.0417143244360818e+22
1768.0,-0.020864343214708425,-0.10721255543323763,0.0603690722793581,8.913019603427739e+21,-7.714561598198836e+21,2.609812655310218e+22
1769.0,-0.018658330781785915,-0.10856001080925949,0.06419267986151656,7.233373480135325e+21,-9.587540523489218e+21,2.4900793835478745e+22
1770.0,0.009244702808334268,-0.0714985810702424,0.09780413318549822,1.009660760782576e+22,-6.485518214846057e+21,2.8677578677065483e+22
1771.0,0.04630726079927767,-0.039877491167462704,0.12287331469178236,1.4335423823287085e+22,-3.163523785223953e+21,3.358201831332132e+22
1772.0,0.06027025689469601,-0.01952292138534467,0.1418957319940778,1.9132105516654692e+22,-1.0252099327368018e+20,3.8641041767707605e+22
1773.0,0.07347604716453504,-0.009594910584291946,0.1601248907203048,2.328101459631987e+22,2.9749682038416925e+21,4.3232079932424385e+22
1774.0,0.07563528256057432,-0.007829858224312217,0.16291006118822157,2.6490873789163736e+22,5.833559239787956e+21,4.709514562972576e+22
1775.0,0.07225779795777738,-0.015761120275350135,0.15464191881154107,2.9300745416774072e+22,7.44442948437863e+21,4.992256986051332e+22
1776.0,0.05967031794163671,-0.015967096945108644,0.14835678357173304,3.1445625481992012e+22,9.323533199274396e+21,5.2982125791738365e+22
1777.0,0.06197047494216569,-0.02834591399273312,0.14105291599136094,3.3319340270403623e+22,1.0712910931650238e+22,5.516566665573208e+22
1778.0,0.06024440930039387,-0.02860902996378932,0.13984261811545828,3.526724677611371e+22,1.2052342452894285e+22,5.779102903480794e+22
1779.0,0.06491584209662658,-0.02427984553153553,0.14174566980440628,3.783780721160876e+22,1.4645410890591672e+22,6.062543521705004e+22
1780.0,0.07192913465473673,-0.008288987701382231,0.15968325903053796,4.103506387095595e+22,1.7213916690709758e+22,6.531138516601364e+22
1781.0,0.09044582464050807,-0.0013275393901307983,0.17383455372058074,4.542778110518507e+22,1.975724995160317e+22,6.986673079942089e+22
1782.0,0.0963412716545181,0.009722742020634986,0.18570999602780652,4.902745444723468e+22,2.2642451846547068e+22,7.443287313345312e+22
1783.0,0.09258855664334406,0.012744332536263003,0.17582364026793035,5.24448555181606e+22,2.5491234526760117e+22,7.891211428803528e+22
1784.0,-0.08770875237095616,-0.1821897355182752,-0.004616684996033033,2.1832457262075075e+22,-3.4144936094616477e+21,4.854251987212085e+22
1785.0,-0.1534775468199513,-0.23640946399542653,-0.056740113524347865,4.446340466809209e+21,-2.2475014354475694e+22,3.1226282784310595e+22
1786.0,-0.11333931173405966,-0.2037627674875444,-0.024279400909206918,1.3773122772775794e+21,-2.5758543643307093e+22,2.88170904506538e+22
1787.0,-0.0680459228332738,-0.1432036801836692,0.023336971258882663,3.7516559401093064e+21,-2.373213997821033e+22,3.048221416882265e+22
1788.0,-0.02541322815315318,-0.1069377413941019,0.060111590773202966,6.927837430032217e+21,-2.0185342999436483e+22,3.4702485566097078e+22
1789.0,0.00983823983017415,-0.07475602753341071,0.08970549299826787,1.1191986291917038e+22,-1.6430940725193698e+22,3.924623442732061e+22
1790.0,0.040805740596899336,-0.047947557205019725,0.129627833404597,1.6157277886300247e+22,-1.2230741927987434e+22,4.3829775031277795e+22
1791.0,0.06675886402662456,-0.015682006638112676,0.1494606275596883,2.1013438522933914e+22,-7.048377558736276e+21,4.934204858404466e+22
1792.0,0.07805861464588898,-0.006093543585607965,0.15902081026694212,2.5446760204316017e+22,-3.0346047878852305e+21,5.497882713244734e+22
1793.0,0.08179331871853159,0.006504260504265641,0.16793394660373073,2.9747986545998473e+22,7.136505489340212e+20,6.047783607954028e+22
1794.0,0.08640371546864806,-0.0014462445440452873,0.175290731963329,3.41124257000451e+22,4.0814115918765773e+21,6.438309040121165e+22
1795.0,0.08560213852467868,-0.011228556485600429,0.1766682951012027,3.691644410117891e+22,5.418558769212189e+21,6.72471326895174e+22
1796.0,0.059424923434735794,-0.019418344433365056,0.14522233552708713,3.6126671917704966e+22,3.927642477475451e+21,6.698583067035637e+22
1797.0,0.05162239282105707,-0.02918654652514466,0.13947555002106005,3.645996489173416e+22,4.2117849232008e+21,6.779364879485387e+22
1798.0,0.0438309920082806,-0.03990231018120691,0.13178093918323985,3.785411510571139e+22,5.574203723695601e+21,6.91977407120252e+22
1799.0,0.04123140848698341,-0.0401363396713406,0.12514666687463077,3.963037166726725e+22,7.391170163943554e+21,7.1743557772127435e+22
1800.0,0.04112307592921914,-0.037756749598025295,0.12322685728120561,4.206506979266613e+22,8.594929225112482e+21,7.453563663632406e+22
1801.0,0.04655877137276227,-0.03766613271094299,0.13146886469674052,4.443741659960603e+22,9.93861352257601e+21,7.770492099396698e+22
1802.0,0.057378301604128476,-0.030624697121799216,0.14168943407932627,4.7256750229628306e+22,1.2112942255102994e+22,8.150593842115124e+22
1803.0,0.0631219226918262,-0.019229463959155476,0.14688031294885062,5.036180397433023e+22,1.4374973281999237e+22,8.469968478196472e+22
1804.0,0.06939205454735382,-0.01449008939135775,0.15563884639174488,5.275750109169537e+22,1.700632458330904e+22,8.78235875900123e+22
1805.0,0.07789215815366479,-0.008083207563500939,0.1593217274116494,5.660460613149523e+22,1.980416711339231e+22,9.228986360823071e+22
1806.0,0.07727856067718288,-0.0116160167629751,0.1645787500074875,5.93201606687035e+22,2.2196882318029897e+22,9.584640382860809e+22
1807.0,0.08417960916933413,-0.004038172675682704,0.16897548096865256,6.119361334678139e+22,2.429444365650046e+22,9.899239271128872e+22
1808.0,0.07939534340612772,-0.0077165118644074646,0.1599157805280843,6.377049686765374e+22,2.6823342576998097e+22,1.0090122984941072e+23
1809.0,0.07144658171858834,-0.013303929395243448,0.155684908739855,6.677218189716475e+22,2.8553873275033563e+22,1.0308334692512517e+23
1810.0,-0.2111538359289965,-0.32077704186140354,-0.1026900158242787,1.7108854701169196e+22,-1.9149610732318494e+22,5.279217945928497e+22
1811.0,-0.3072520842335316,-0.4193137869296842,-0.2036195643233141,-1.28790262187256e+22,-4.8769717752806905e+22,2.2809880905254563e+22
1812.0,-0.23396345664251778,-0.3482882672973032,-0.12162395906328682,-1.8582143026286199e+22,-5.398506288442403e+22,1.8178389484876333e+22
1813.0,-0.1444429867980769,-0.2429170709993338,-0.044429625213858626,-1.6110130695071997e+22,-5.2713733686577225e+22,2.0064011067661723e+22
1814.0,-0.07646083579903853,-0.1720075755976874,0.012549907673055055,-1.1538156700707618e+22,-4.804198574693199e+22,2.4091417796119708e+22
1815.0,-0.038514061421860264,-0.13153810946685973,0.041306500443092885,-7.122881208287409e+21,-4.345427680023145e+22,2.8853630345395114e+22
1816.0,-0.5441193193012515,-0.7096465502227205,-0.395231816641417,-1.0043615060617673e+23,-1.3928884587585818e+23,-5.71441610726912e+22
1817.0,-0.7171834667503956,-0.8947283131276279,-0.5548638259354605,-1.5945458249705573e+23,-2.0451151060894517e+23,-1.1223680988463837e+23
1818.0,-0.5597149248738496,-0.7264928926662608,-0.39374158466920917,-1.7078435670015402e+23,-2.1767228402323922e+23,-1.221005712211278e+23
1819.0,-0.37330254722073963,-0.5306854706816267,-0.2401192903425048,-1.67811969727092e+23,-2.146410209734876e+23,-1.181917658899177e+23
1820.0,-0.25712031620169307,-0.3889778510093476,-0.1470387320722224,-1.6027961654253638e+23,-2.0732410876769545e+23,-1.1134248963523116e+23
1821.0,-0.17629993398501573,-0.2949467344991991,-0.06947249553007785,-1.5270406472894682e+23,-1.9919809350370615e+23,-1.0463413283017065e+23
1822.0,-0.12898757716738685,-0.23480104722294107,-0.035326973139249915,-1.4595826872410524e+23,-1.929462940249329e+23,-9.823103423135664e+22
1823.0,-0.11729832951657791,-0.21707998211786006,-0.022345766735094884,-1.4357281891651433e+23,-1.9064178971593193e+23,-9.564477275854764e+22
1824.0,-0.10435120201613408,-0.197435183907858,-0.007893306687426847,-1.4032663581128863e+23,-1.8673557182927012e+23,-9.313375053423418e+22
1825.0,-0.07912417350312245,-0.17682271562623506,0.0081863159296931,-1.3575102400063013e+23,-1.8178742161141782e+23,-8.817469843415098e+22
1826.0,-0.056049533020316636,-0.1536844651064881,0.03269704744812579,-1.3108407454503868e+23,-1.761660536013118e+23,-8.34783529876692e+22
1827.0,-0.025605988375633777,-0.11829953387026555,0.06463045107552615,-1.2556838735589416e+23,-1.69903299168361e+23,-7.754319712499685e+22
1828.0,-0.011227079983545857,-0.09924435235190293,0.08570162184783522,-1.2002762882434694e+23,-1.6464112887755864e+23,-7.201014796571547e+22
1829.0,0.0002532106756662168,-0.0814489814500326,0.097247855325965,-1.1538485266503528e+23,-1.5988028393888095e+23,-6.720225132418217e+22
1830.0,0.017441579052187267,-0.08047573303404769,0.10355286816828352,-1.1015893014322646e+23,-1.5528471561595652e+23,-6.292934362504791e+22
1831.0,0.02539550023117971,-0.06766603910127095,0.10744774121999409,-1.0637669793723651e+23,-1.5121480284788493e+23,-5.812388685320839e+22
1832.0,-0.26213879653259353,-0.37921863739018336,-0.14735062753849526,-1.535923449888402e+23,-2.0324282321854553e+23,-1.0302521100169652e+23
1833.0,-0.3600624085245876,-0.46834952227512666,-0.24369321876069383,-1.8306989880421634e+23,-2.363832069896125e+23,-1.2984164745914014e+23
1834.0,-0.28036310879898774,-0.38948739244870356,-0.17618876023779617,-1.8741140034287475e+23,-2.4229527488988934e+23,-1.3374471213510243e+23
1835.0,-0.19652575826710178,-0.29244987953392926,-0.09298384108231735,-1.8381406034851833e+23,-2.4000814371477745e+23,-1.302859029086933e+23
1836.0,-0.21399528405489412,-0.3184118907873736,-0.1117126898418331,-1.9475244515370074e+23,-2.5275674199912003e+23,-1.4035803270759103e+23
1837.0,-0.18756568700612025,-0.2832365656489062,-0.08901139240927194,-1.9948315013589175e+23,-2.570196859857341e+23,-1.4344895067451092e+23
1838.0,-0.12593086967081962,-0.22407654154009482,-0.03619602296554465,-1.959770053803491e+23,-2.5335396048748967e+23,-1.399429948274748e+23
1839.0,-0.06964374291662764,-0.156688001024074,0.021293139714479777,-1.9036944525024038e+23,-2.4771883505337953e+23,-1.3448526029966838e+23
1840.0,-0.030988862251452587,-0.11768941780555472,0.053280582139427754,-1.844907851146568e+23,-2.4116708968955264e+23,-1.2892764802148704e+23
1841.0,-0.008057258023462766,-0.09804397577675089,0.07599157207508234,-1.778603082002342e+23,-2.3543709624669237e+23,-1.2303022156452334e+23
1842.0,0.001960061535591258,-0.08539029842659875,0.08792709086615486,-1.7336458915687172e+23,-2.2997180245545915e+23,-1.177394615934512e+23
1843.0,0.0032273338594048136,-0.08149815609613131,0.09667206649038618,-1.6842570427735305e+23,-2.2515687132890546e+23,-1.1314434767319749e+23
1844.0,0.007078558073798305,-0.08352729082972965,0.09965174845149133,-1.6430685081351024e+23,-2.2000985130003206e+23,-1.1016222285926701e+23
1845.0,-0.01494114545182608,-0.10069468795743396,0.07157789228863425,-1.6545161243246947e+23,-2.2106862775868408e+23,-1.0862764517367614e+23
1846.0,-0.020137390066243793,-0.10716511984128103,0.06443709623321923,-1.644333477455103e+23,-2.1966901988649212e+23,-1.081451692295248e+23
1847.0,-0.012235295323081305,-0.09025229760647183,0.08149963532807072,-1.6116699398950132e+23,-2.16968506697046e+23,-1.0446055353825846e+23
1848.0,-0.0060609212479721605,-0.09375546557944023,0.09493708847033602,-1.5834844744584463e+23,-2.136237961877534e+23,-1.0101604304768216e+23
1849.0,0.012241036191112997,-0.08590540915722078,0.10141368496057947,-1.5477583829299445e+23,-2.1057914189625378e+23,-9.774463484992172e+22
1850.0,0.022666536306591326,-0.06409338082135328,0.11474663917158578,-1.5094725669026461e+23,-2.0572241025327063e+23,-9.381311438653424e+22
1851.0,0.029260037079961613,-0.06041263996566398,0.11889047746066098,-1.4758457026015713e+23,-2.022956020655497e+23,-9.034828967024e+22
1852.0,0.034890208366887984,-0.0558654920710126,0.1286254278430899,-1.4379425309999238e+23,-1.9942611119117817e+23,-8.6943182979011e+22
1853.0,0.0486637176754981,-0.04494361762759131,0.13232366814625457,-1.3902456246742879e+23,-1.959742947915355e+23,-8.360369038075465e+22
1854.0,0.0450064766201945,-0.047954207978352245,0.13827604162433035,-1.3532791866088222e+23,-1.9256528027171878e+23,-7.929950486198865e+22
1855.0,0.04521958232779376,-0.037760573191867944,0.13180034293967052,-1.3264231408478348e+23,-1.8957957026635187e+23,-7.576308130779182e+22
1856.0,0.012916905986618722,-0.08033684802206738,0.10365669194871097,-1.3611141325212667e+23,-1.929465215158041e+23,-7.808843063367203e+22
1857.0,0.0002603533906542499,-0.08882885182712234,0.09459564071113898,-1.3740430831699237e+23,-1.9355847887230626e+23,-7.850417383601519e+22
1858.0,0.017301056170004492,-0.07528170597969476,0.09727156073128841,-1.348944615159993e+23,-1.917397049140034e+23,-7.646347518760596e+22
1859.0,0.023279462480635026,-0.0652406064501202,0.11308763261351713,-1.3264778317456305e+23,-1.883729913430119e+23,-7.285112048053422e+22
1860.0,0.036601089677853874,-0.056861923636983454,0.12158620528425076,-1.2907805347660468e+23,-1.847920912701959e+23,-6.823324773259744e+22
1861.0,0.04674849862303704,-0.04707005694570719,0.1323754336583638,-1.2486905327513559e+23,-1.8193809555427225e+23,-6.353162212692129e+22
1862.0,0.04559849427463675,-0.0499314029932748,0.1362491094281587,-1.2333683794948585e+23,-1.8029851245031323e+23,-6.106467265859121e+22
1863.0,0.03794116522601398,-0.05347050415762486,0.12966618384474682,-1.2168020666577167e+23,-1.7743801476683355e+23,-5.948391691878864e+22
1864.0,-0.02531949963274356,-0.11581674203281081,0.06710903707214333,-1.3092351752280153e+23,-1.8807712674437282e+23,-6.8301339733376346e+22
1865.0,-0.031642476800513325,-0.12095779950884648,0.05611760615485761,-1.3507017051174719e+23,-1.928208917657383e+23,-7.285723748778433e+22
1866.0,-0.010964772769359213,-0.09439760193585223,0.07513929642146526,-1.3487447286185956e+23,-1.9210494091698324e+23,-7.271062265961783e+22
1867.0,0.01534976419230506,-0.07103995513642125,0.1056580835115183,-1.3159661455969405e+23,-1.9045582891437217e+23,-7.089433702486584e+22
1868.0,0.02768686306857175,-0.06388839331759896,0.11106789554969257,-1.2829964777057301e+23,-1.8746903376141575e+23,-6.6924169840776905e+22
1869.0,0.0359527932739011,-0.04987830433643624,0.12421047765694071,-1.2411113199125103e+23,-1.842798972521116e+23,-6.2849437128909405e+22
1870.0,0.05097036399925202,-0.04696910984178489,0.13583419495969518,-1.206674015131551e+23,-1.8099263310944834e+23,-5.986711143294436e+22
1871.0,0.045859411369305214,-0.04054884860469349,0.13467311663931092,-1.1793104510470559e+23,-1.7751439885632588e+23,-5.589886314614151e+22
1872.0,0.05540745762713965,-0.031220093391377664,0.1421781497136543,-1.1392894594507863e+23,-1.7376628378853192e+23,-5.1597725909507665e+22
1873.0,0.060113346403334655,-0.026544135108485654,0.1439575614645124,-1.108841905185708e+23,-1.7014598261618035e+23,-4.757900669530705e+22
1874.0,0.05369194683871292,-0.027958766953334976,0.14012703067752771,-1.0964668044049573e+23,-1.6891785394169662e+23,-4.633719136399681e+22
1875.0,0.05341215816018193,-0.026725761363215313,0.1451966386664134,-1.0600680422344747e+23,-1.6602987664899732e+23,-4.278801816419501e+22
1876.0,0.058502711907468086,-0.02188973550234033,0.15574196351810565,-1.0298847085633519e+23,-1.6352283412950054e+23,-3.978056757252218e+22
1877.0,0.060483033655301166,-0.026344515834054446,0.1539250957909094,-1.0041812019775536e+23,-1.618767852518275e+23,-3.624863329768782e+22
1878.0,0.061771827614610406,-0.028954132216837937,0.15441189698991453,-9.846269377197594e+22,-1.588761959373946e+23,-3.3590590322640173e+22
1879.0,0.06012358766189526,-0.028114431142885615,0.15824646998697459,-9.528836704765544e+22,-1.5556662736505215e+23,-3.1062175088368e+22
1880.0,0.06874012023925977,-0.02406679347601364,0.15796191397869272,-9.394440840931964e+22,-1.5322413912833425e+23,-2.752729596959713e+22
1881.0,0.05797990942639693,-0.03197197799439782,0.15901132415788755,-9.168186454077061e+22,-1.5139019350588835e+23,-2.4881632986906805e+22
1882.0,0.06489981673728534,-0.029148223032729265,0.1542747667905969,-8.929755689002044e+22,-1.4862730658598736e+23,-2.222847290866854e+22
1883.0,0.06491323674992808,-0.027733771561290185,0.16039841066123697,-8.582417091089128e+22,-1.4564303131991032e+23,-1.96217194499644e+22
1884.0,0.027125085702958535,-0.06324706390439681,0.12301550519590679,-9.06003673008587e+22,-1.499932495669595e+23,-2.342749216815609e+22
1885.0,-0.12213826255805973,-0.22214547058090856,-0.012492709089973929,-1.1821696159138684e+23,-1.7831661255986108e+23,-4.949990126276598e+22
1886.0,-0.12497888031143618,-0.2273580029749086,-0.025538313836068603,-1.2650830542291807e+23,-1.8754216339975403e+23,-5.635320950969576e+22
1887.0,-0.07713576259683169,-0.180339669590114,0.02054992711114384,-1.2604191403909158e+23,-1.875872491233589e+23,-5.400625527929466e+22
1888.0,-0.03910865236473709,-0.13501985418152182,0.05598134292106899,-1.2471454946380669e+23,-1.8685866053063762e+23,-5.31040123203446e+22
1889.0,-0.006335474285049814,-0.11345428626815057,0.08440519344826447,-1.2058501119880694e+23,-1.8339915777529913e+23,-4.997619142372251e+22
1890.0,0.01400000030331476,-0.07878129012925349,0.10798938860691162,-1.167496669551349e+23,-1.798998110757788e+23,-4.709766220554857e+22
1891.0,0.014654604827562118,-0.08934147034046497,0.10900184197803114,-1.1537889258687555e+23,-1.7928599940764422e+23,-4.509804384288443e+22
1892.0,0.004732931171195651,-0.0892142990885547,0.10264513786144214,-1.152669297599395e+23,-1.796318098422479e+23,-4.473449469286494e+22
1893.0,0.01070608099197208,-0.08240789907468749,0.1074082067622789,-1.1471116508957906e+23,-1.7985592229516667e+23,-4.358710343881085e+22
1894.0,0.02949208346540233,-0.06428116602494868,0.12510559170751734,-1.1150857966552664e+23,-1.76184585216644e+23,-3.984792573429787e+22
1895.0,0.04838645777545152,-0.039880977214641504,0.13941681454131927,-1.0711830302482587e+23,-1.7188515870182034e+23,-3.535017657488711e+22
1896.0,0.06450262194477759,-0.03396969758823459,0.16399370433114624,-1.0320103028558534e+23,-1.6752148375797544e+23,-3.0381735597450516e+22
1897.0,0.07045807085260705,-0.025976230518791957,0.1721173918156063,-9.960122437525251e+22,-1.641616086613316e+23,-2.641241251285597e+22
1898.0,0.07232391771453321,-0.030141890169723087,0.1692710663475137,-9.580363376401192e+22,-1.6091232172769438e+23,-2.197373157335225e+22
1899.0,0.07682121250795688,-0.02214105314808609,0.17573502935153015,-9.327918909565473e+22,-1.584242122993026e+23,-1.763083302416034e+22
1900.0,0.06965556202184672,-0.033533078047969726,0.1685280495918795,-9.0321157427338e+22,-1.5533945664592976e+23,-1.5302734123920404e+22
1901.0,0.06696438739708563,-0.03298437000174667,0.16540386956738135,-8.887159032275307e+22,-1.5293156871081873e+23,-1.2056435705992639e+22
1902.0,0.0651430346358915,-0.02769774676320242,0.1640217635913796,-8.498160258024054e+22,-1.5039952802011175e+23,-9.08563220315097e+21
1903.0,0.049662652337325607,-0.047872959358403605,0.14251698523896117,-8.524414223367014e+22,-1.511152667184744e+23,-9.49748851799215e+21
1904.0,-0.013480510844191204,-0.11255745007541491,0.07040355962192206,-9.539410978555548e+22,-1.626441777264241e+23,-1.8392294273614447e+22
1905.0,-0.011303702544910386,-0.1081599023307225,0.08264828135621002,-9.778244993191267e+22,-1.6646955930263193e+23,-2.114458311205266e+22
1906.0,0.011423098554800476,-0.09151388310709441,0.11486130590123438,-9.485879145462936e+22,-1.6326787119255827e+23,-1.7431903984894018e+22
1907.0,0.03634206906701888,-0.060534294032041226,0.13694041509752086,-9.04257966971829e+22,-1.5836148060357083e+23,-1.1236063978588041e+22
1908.0,0.027509579355826774,-0.06635176890379141,0.13455221694079023,-8.91736602021843e+22,-1.574421450722348e+23,-9.643804134716188e+21
1909.0,0.04744887827532241,-0.0639855189753047,0.14158946586940985,-8.521613567875978e+22,-1.5497305286572596e+23,-5.851102185130183e+21
1910.0,0.045864319059556576,-0.046790156658848905,0.15257526398718993,-8.196990063366542e+22,-1.518580585871067e+23,-1.796599534313839e+21
1911.0,0.062059354212285846,-0.04415976031897072,0.15595256597171434,-7.94286492387318e+22,-1.4900957851923838e+23,1.229902984081124e+21
1912.0,0.06281108897017151,-0.035795597030474496,0.1616711201753418,-7.58549888473513e+22,-1.460763193394919e+23,5.71839667644505e+21
1913.0,0.020307099077975732,-0.0973902069019912,0.11780046534584125,-8.165977019063771e+22,-1.5150952429641615e+23,2.799318317765851e+20
1914.0,-0.006511899147570874,-0.10899999274063152,0.10409779601796282,-8.50151971455712e+22,-1.5669845345381924e+23,-1.1417203186310779e+21
1915.0,0.00580624599412654,-0.09058203126633559,0.11903086749838428,-8.329207121122946e+22,-1.5674496358743525e+23,2.4451756927056305e+21
1916.0,0.04609326262266553,-0.05850550554509509,0.15215683276735137,-7.979207117227524e+22,-1.525081290895306e+23,6.114235232036956e+21
1917.0,0.06804613536490578,-0.03958577680333907,0.16985010635164527,-7.485799279098235e+22,-1.4887170194266115e+23,1.0366911800731924e+22
1918.0,0.0760383797408387,-0.019003587682799236,0.18813777986288105,-7.040161550434662e+22,-1.448411238584575e+23,1.3944543423521022e+22
1919.0,0.09055153902864753,-0.018811256924279738,0.20375930404477402,-6.626474530852211e+22,-1.413179637009982e+23,1.6873738733170706e+22
1920.0,0.09898792526478029,-0.004280898451076556,0.20865323916912357,-6.203923233287823e+22,-1.3724314713170166e+23,2.253266678618254e+22
1921.0,0.10106098017649694,-0.001949123490880826,0.20461873908314704,-5.819116234452547e+22,-1.3453011906183948e+23,2.6726254907299635e+22
1922.0,0.10572186823216767,0.004981795359973701,0.2110303404860734,-5.371351781798021e+22,-1.3018958475923301e+23,3.047970692058172e+22
1923.0,0.10271602286266798,0.0009328017988326012,0.203433330021064,-5.193775806016276e+22,-1.2897610511352998e+23,3.27519447920152e+22
1924.0,0.09333412996002055,-0.005506069514936346,0.20353969347743148,-5.044892754753967e+22,-1.2786022590880403e+23,3.6641619276551084e+22
1925.0,0.10186626038967331,-0.004557795704404538,0.2030137574942483,-4.58857540557551e+22,-1.240461686705387e+23,4.0546243648434035e+22
1926.0,0.11706374346920942,0.007926861036656657,0.21415931581737635,-4.123789741551554e+22,-1.2006863331209279e+23,4.578006812788742e+22
1927.0,0.1286257194299992,0.02192608370121425,0.22503240916963818,-3.687209583171331e+22,-1.1623921784830204e+23,5.0496678527940665e+22
1928.0,0.13311508520726933,0.021180818368224434,0.2329324882978276,-3.2940739751946693e+22,-1.1202627922193573e+23,5.505749823839276e+22
1929.0,0.1297402347457862,0.035020302007048504,0.23327183086007702,-2.9559886350831938e+22,-1.0957233717366524e+23,5.769993574914615e+22
1930.0,0.11727583709140241,0.017911284416995098,0.21887079831951972,-3.0182011177221052e+22,-1.1020888064006909e+23,5.918538514842608e+22
1931.0,0.12560356468784534,0.025150221988704632,0.23154605613739698,-2.5640634180628117e+22,-1.0696546072092947e+23,6.435489302258853e+22
1932.0,0.14422281423992447,0.04626761804223942,0.25373171674656947,-2.109609213145071e+22,-1.0219343015209216e+23,6.979376662138288e+22
1933.0,0.14360355047404832,0.04396782647902223,0.23822686682322222,-1.9560899696746696e+22,-1.0190555285263557e+23,7.169527848545527e+22
1934.0,0.14494155570161515,0.044512172177546785,0.24952314216522448,-1.654837200645545e+22,-9.789692791442982e+22,7.622638025458092e+22
1935.0,0.15266452132491481,0.05755639544695912,0.2543323952325592,-1.210155826940028e+22,-9.5039939717139e+22,8.09880056844024e+22
1936.0,0.1633250225540914,0.06301037879407938,0.2656556328803502,-8.190716587844564e+21,-9.05419384267796e+22,8.514850422567973e+22
1937.0,0.17891890340835734,0.0776295582652467,0.2791105202259436,-2.8086412651261335e+21,-8.605719897965489e+22,8.935675628384362e+22
1938.0,0.18789229453038717,0.0865104047268126,0.28659453953128183,8.735498295232734e+20,-8.153200797845157e+22,9.42587497718618e+22
1939.0,0.19538590907221492,0.09450513039998791,0.30245426738592196,4.6352035160631227e+21,-7.821510466897816e+22,9.901915042400896e+22
1940.0,0.197727748575534,0.09870535284605648,0.3034077729485084,8.609183917375451e+21,-7.4322680591149185e+22,1.0344537855757263e+23
1941.0,0.19470605963235443,0.09606150639831207,0.3090768428213815,1.2601526874204487e+22,-7.344114149375787e+22,1.0735743686870483e+23
1942.0,0.1909365213208874,0.09011150966892603,0.2987325993110249,1.5962979104169405e+22,-7.08508317774415e+22,1.0835230461947023e+23
1943.0,0.19529968791868652,0.08928096506544647,0.3076994554004233,1.8893698636400915e+22,-6.892349509535417e+22,1.1176828421646465e+23
1944.0,0.19534829161759368,0.09845505277703828,0.30644448921847495,2.1118476150042622e+22,-6.536838813573452e+22,1.1589083583556683e+23
1945.0,0.2014389306189021,0.09120049891613259,0.30414498521910166,2.467126872153776e+22,-6.2459261731846465e+22,1.19193048345367e+23
1946.0,0.20663156732478197,0.10299942593149206,0.3204743978667981,2.9700455871920877e+22,-5.840727498785287e+22,1.2269829587202542e+23
1947.0,0.21920418518018103,0.11638333618854035,0.3311186820009945,3.2574208386401204e+22,-5.397164807375957e+22,1.28256121850111e+23
1948.0,0.227315931833767,0.12780345175804822,0.33223861294781887,3.87865542535039e+22,-4.92904213300612e+22,1.337297554047972e+23
1949.0,0.23578382819138077,0.13643454507253483,0.35126792536050877,4.280170050975644e+22,-4.561286387973384e+22,1.3992837677789242e+23
1950.0,0.2453495736150813,0.14126717787224857,0.35668252678559664,4.761880969241264e+22,-4.175288766830216e+22,1.4574528140577179e+23
1951.0,0.24150373470129138,0.13381623089067768,0.3565100944752523,5.175208622733735e+22,-3.867025369396633e+22,1.517096398145977e+23
1952.0,0.23666054791041108,0.13322993667028785,0.3522221176700033,5.541265203414618e+22,-3.519083550114885e+22,1.5536301389586633e+23
1953.0,0.24156665095809893,0.1304256920239641,0.3533065009414496,5.946614127693666e+22,-3.145820006072892e+22,1.5918184906288387e+23
1954.0,0.24273915336533,0.13350929382668678,0.3462429051577209,6.335500962293023e+22,-2.9515737847743967e+22,1.625015447319588e+23
1955.0,0.23891626752066863,0.12943819985865815,0.34601552744471464,6.64896366918468e+22,-2.629702532397425e+22,1.6698749731403842e+23
1956.0,0.23892002159064168,0.12829888422084593,0.35541308789135534,7.15857734785976e+22,-2.2548660068634327e+22,1.7167414363808972e+23
1957.0,0.25296980095556265,0.14030639328729333,0.36405603069454207,7.606683401515129e+22,-1.8150994166127593e+22,1.7796446604601144e+23
1958.0,0.2586781819241712,0.1496815080733433,0.3725458588326615,8.064595739822229e+22,-1.4500846576464174e+22,1.8383200867802294e+23
1959.0,0.2791249476289373,0.167904147357803,0.3900569062907978,8.503265363928243e+22,-1.0292118220135786e+22,1.8951453908269418e+23
1960.0,0.27773031292604533,0.17088400626130923,0.40167994640849214,9.092406181518022e+22,-5.514187951361389e+21,1.9571231436921627e+23
1961.0,0.2860113585641267,0.17429214436565502,0.3971103169729672,9.502995986502824e+22,-6.876275809665786e+20,2.0185116046201616e+23
1962.0,0.274420913469223,0.15620370301063435,0.390410262017474,9.799636549004975e+22,1.5943891809631564e+21,2.050953003725808e+23
1963.0,0.25679097874325735,0.13618420880441753,0.3839690495090677,9.813987887943715e+22,1.0190624955286522e+21,2.0657553180837676e+23
1964.0,0.1754809765701594,0.05206095441470185,0.2964318036906805,8.474796628893892e+22,-1.3772483797687718e+22,1.9476008302196254e+23
1965.0,0.13739684455249132,0.011201616430808633,0.2663617417783378,7.859619569247107e+22,-2.063520682422234e+22,1.8835379087114146e+23
1966.0,0.15607742304612116,0.022522286701561547,0.28600274250924096,7.673125343347066e+22,-2.33941378323914e+22,1.8803168710171658e+23
1967.0,0.20052046306889226,0.07440762606417797,0.3382206531517982,8.390479008582216e+22,-1.8475104908805283e+22,1.94091461068217e+23
1968.0,0.2201862356725894,0.09566164120822997,0.3548748410203272,8.584744711042486e+22,-1.706112421247253e+22,1.9898853106773064e+23
1969.0,0.24606827424453714,0.1167124509049944,0.37577471796053474,8.854992655351872e+22,-1.1891094079922827e+22,2.0294134871986664e+23
1970.0,0.2706560172350439,0.13218609215694738,0.3961537974473413,9.3916369806726e+22,-7.626037723269169e+21,2.0876282969973895e+23
1971.0,0.28954213008646384,0.16287014201842304,0.41254325494655913,9.947165463559614e+22,-3.8235612914407876e+21,2.14149253105473e+23
1972.0,0.2915118793772041,0.16786208894737709,0.41807132914757045,1.0173549789063152e+23,-2.2307083182505853e+21,2.1854505782443222e+23
1973.0,0.299572789119413,0.17038876952117166,0.4387250469953706,1.0676510923982511e+23,1.1805306791990523e+21,2.247930398375467e+23
1974.0,0.3322023893161323,0.19853998443482976,0.4530230336939471,1.1225940327778557e+23,6.241294456394093e+21,2.3129637246120908e+23
1975.0,0.3300958720858869,0.2074800721039823,0.46042915485133196,1.1710151305309867e+23,1.0511148685051388e+22,2.363304616718827e+23
1976.0,0.3264434412962179,0.19813766872703242,0.4531405705984461,1.185068339837626e+23,1.136696454306518e+22,2.3605834186919497e+23
1977.0,0.3444653959342319,0.21449743456937628,0.48118741897794876,1.2415951393487714e+23,1.601127574169546e+22,2.4266179656312827e+23
1978.0,0.3763274847302839,0.2441434513897684,0.5139558560368312,1.3067745991425453e+23,2.3659160112891024e+22,2.500628034398407e+23
1979.0,0.41312244936107223,0.27893276196903205,0.5554500321712504,1.3939220149592716e+23,3.131762008785262e+22,2.609239350425777e+23
1980.0,0.4379245953874234,0.30943363398787765,0.5760527416913971,1.4823748914928163e+23,3.80973316229521e+22,2.6932074579436697e+23
1981.0,0.45513408550932943,0.3314751246584928,0.5890867309511069,1.5549761565692218e+23,4.4897811651452205e+22,2.774522062292876e+23
1982.0,0.4851733946445903,0.3399515875068224,0.6107228400616984,1.6292393783839826e+23,5.307567715482553e+22,2.8397956472522527e+23
1983.0,0.4601486937726846,0.32357537445874207,0.598692914944552,1.6358875586997004e+23,5.3725945296834e+22,2.873573111591339e+23
1984.0,0.4190550541391976,0.2947402855961268,0.5669671563435537,1.6008022534520807e+23,4.845313481757335e+22,2.864500920999783e+23
1985.0,0.4315402245029875,0.29980050060622665,0.5721255123171507,1.6403602180490712e+23,5.0981877320414275e+22,2.9119923224726616e+23
1986.0,0.47592550776376613,0.3363866784523458,0.6146351488184311,1.7120673761541243e+23,5.799315535835747e+22,3.000917496374099e+23
1987.0,0.505163479430546,0.3762949639859364,0.6414165708918083,1.777929741516443e+23,6.381459808829924e+22,3.09690465449586e+23
1988.0,0.5340493673094835,0.40275819880166797,0.6748511830677306,1.8619714473412094e+23,7.2158529355197664e+22,3.191916869235928e+23
1989.0,0.5715420117436434,0.43634254514431847,0.7067489769223263,1.9739243498905683e+23,8.188083845829034e+22,3.2948231530259954e+23
1990.0,0.6081447918844504,0.47486450601077945,0.743607834501533,2.099342256743838e+23,9.453993626897467e+22,3.408804899741036e+23
1991.0,0.644074653876005,0.5090590676634894,0.7789152049555172,2.2118509969498617e+23,1.0624921284660827e+23,3.547934389136948e+23
1992.0,0.6041546383344671,0.45880036565515,0.7352116072742958,2.2067906494662033e+23,1.0451966098539241e+23,3.5623798291831824e+23
1993.0,0.49907018953485155,0.34191550178404473,0.6333368885458022,2.057104452003789e+23,8.919735289672841e+22,3.4152101015404945e+23
1994.0,0.5112132519857865,0.37208747364671385,0.6466894137406917,2.0607623846375525e+23,8.978103152529678e+22,3.435626488750865e+23
1995.0,0.5785531159150706,0.4529041746948922,0.7123665118639106,2.1506130321854887e+23,9.751123254341751e+22,3.548367858906712e+23
1996.0,0.6505202192543034,0.5088479834028035,0.7814471911874445,2.272200501347382e+23,1.0862392885104756e+23,3.69056665294629e+23
1997.0,0.6915847422462322,0.5600719033913181,0.8244715377426217,2.4067653415347307e+23,1.2094207841519195e+23,3.802339636371609e+23
1998.0,0.7182501190899002,0.5957563923315836,0.8563704206640085,2.5266646251510764e+23,1.3282154447740803e+23,3.913770685593955e+23
1999.0,0.7454906620769449,0.6197726027679118,0.8789262189739541,2.646749079205412e+23,1.4289491302344019e+23,4.044402849935524e+23
2000.0,0.7975793063192658,0.6544592877849723,0.9203342593715844,2.7919400080653647e+23,1.5536810020023932e+23,4.191902215789249e+23
2001.0,0.828208833290216,0.7084258340502352,0.966656634141825,2.9349807444946985e+23,1.6998273491435817e+23,4.3451792785346545e+23
2002.0,0.8625221811360224,0.7355926933880995,1.002686347268805,3.07522045862863e+23,1.8395038229177103e+23,4.488473810602104e+23
2003.0,0.8883309217866029,0.7492703366625842,1.0259203620852033,3.2133374770215825e+23,1.9718720428256665e+23,4.6550841112399896e+23
2004.0,0.8905819999495649,0.7619860921155581,1.0173142510632869,3.3313527517593956e+23,2.080699919284346e+23,4.791620867541636e+23
2005.0,0.9063161712638881,0.7706283140732895,1.0357698842378704,3.4570082758987604e+23,2.1920007652211763e+23,4.931914324295512e+23
2006.0,0.9101047113115108,0.7804043417199507,1.0492911679097663,3.572611556514002e+23,2.3085504295257245e+23,5.063976727480351e+23
2007.0,0.9215821243303615,0.7763651039584278,1.056470047740424,3.69690295394971e+23,2.4144486491136132e+23,5.183853351913758e+23
2008.0,0.9307229477110632,0.8004075804519821,1.0714476785431322,3.811224625526337e+23,2.5192516989891578e+23,5.3094104283277956e+23
2009.0,0.9532106326839749,0.8160870613034967,1.0919270952137397,3.918173301828069e+23,2.6342055158341276e+23,5.4557382367510525e+23
2010.0,0.9713236355604595,0.833680888491819,1.1051888713271152,4.043196815230418e+23,2.7539281095191727e+23,5.5961391400868955e+23
2011.0,0.9911255434025361,0.8518146885173234,1.1326868614710155,4.197457358522474e+23,2.875832380522402e+23,5.7384473809339483e+23
2012.0,1.01285513928724,0.888370464807221,1.1584473550448515,4.343444864291302e+23,2.984447391641027e+23,5.9118936972626484e+23
2013.0,1.050084486685461,0.8956922120128794,1.1909963825636583,4.478900902374233e+23,3.100565167272155e+23,6.070784676197692e+23
2014.0,1.078977033539703,0.9278170564827893,1.2176161283224451,4.651397107877829e+23,3.2430774897310766e+23,6.22008796689307e+23
2015.0,1.1044681011814506,0.9593822877521876,1.2486893045013996,4.8033702129025746e+23,3.383676884548564e+23,6.376216089270693e+23
2016.0,1.13132649004177,0.9901174272806975,1.273606891833341,4.9625612616575984e+23,3.5438511056927154e+23,6.546295832383348e+23
2017.0,1.158632373081835,1.0121004731487058,1.3048572090830917,5.116694881123968e+23,3.688785939437663e+23,6.709076243617202e+23
2018.0,1.1833188047863945,1.036292657996698,1.3366409044731653,5.289305663702035e+23,3.8592667628491306e+23,6.892738946477899e+23
2019.0,1.2178300855076076,1.0723361097090365,1.3766425803919724,5.445638572756383e+23,3.999665630520427e+23,7.074507556536159e+23
2020.0,1.2498657375340976,1.0963984129081903,1.391267607744091,5.6291719336842615e+23,4.12785604276078e+23,7.236166802806337e+23
2021.0,1.2843036770705778,1.130781217007279,1.430808257045991,5.795420847511425e+23,4.2734413807541784e+23,7.427354188655724e+23
2022.0,1.3091899754027698,1.160713214647667,1.4653430250150263,5.944973850618198e+23,4.430246619163323e+23,7.595798871691679e+23
2023.0,1.3450260237139362,1.19376604679372,1.4996185637214672,6.12785431436071e+23,4.607862007173072e+23,7.799444188095102e+23
2024.0,1.3818114096603042,1.2211522214432784,1.5355452134207406,6.294330561956785e+23,4.76418684314526e+23,7.976919251316093e+23
2025.0,1.4052332092511797,1.2416199160651606,1.5697132448414057,6.47633916346607e+23,4.932946885555164e+23,8.165579520887582e+23
2026.0,1.4210993899488853,1.2679016411293829,1.6009114322856612,6.643852035145301e+23,5.080650312523014e+23,8.336915009491666e+23
2027.0,1.442427358912495,1.2839844567099252,1.6081062365629193,6.806011228761168e+23,5.222736597806479e+23,8.522510082938713e+23
2028.0,1.4672537580429614,1.3008677802484603,1.6403450510702176,6.978900709540176e+23,5.349170244274426e+23,8.711669329740731e+23
2029.0,1.4806734767455303,1.3101570988328324,1.6564163314906433,7.155931402525045e+23,5.510449079621194e+23,8.889508987706368e+23
2030.0,1.4987013252655377,1.3321384194554289,1.677220235746869,7.320863895876639e+23,5.670935236000858e+23,9.048602510537616e+23
2031.0,1.5173476575792926,1.3395371978168413,1.707054036056639,7.481102961643629e+23,5.835705320445842e+23,9.259669163709704e+23
2032.0,1.53105693731871,1.3560754523219658,1.7217293805329927,7.656278919422202e+23,5.986689665992993e+23,9.413512008501358e+23
2033.0,1.5503997790075807,1.3782526418698282,1.7389409535217177,7.818992993500961e+23,6.131315840222766e+23,9.578915398678408e+23
2034.0,1.5731085262442344,1.3916326960603673,1.7650022515615198,8.001750828152587e+23,6.260902880658046e+23,9.739234912502277e+23
2035.0,1.589404063363638,1.412060214817676,1.7915203106999642,8.169808742497787e+23,6.410687086449502e+23,9.912757830469616e+23
2036.0,1.615572315270776,1.4219719655595782,1.820260338821586,8.329134648297856e+23,6.530288837379406e+23,1.0106523363575024e+24
2037.0,1.6349384725890541,1.4300842554020772,1.8481243547312098,8.497690971440185e+23,6.698169564680354e+23,1.029326691014346e+24
2038.0,1.651084760767541,1.4445701401591042,1.8706059690032806,8.636300180885185e+23,6.843667601334858e+23,1.0477014828947506e+24
2039.0,1.6686360985529256,1.4655522739940459,1.8786672230771564,8.81267988793679e+23,7.007036676432356e+23,1.0633621402512386e+24
2040.0,1.6848230412787768,1.4746251844450278,1.905438134382953,8.984434187175357e+23,7.138258740892248e+23,1.0817056888369863e+24
2041.0,1.6851147132108346,1.4732653334308579,1.919133408014353,9.1403344990446e+23,7.292535566334256e+23,1.0973518968437795e+24
2042.0,1.694207143554808,1.4685085955000168,1.9194542337976177,9.297856658388649e+23,7.39645805558458e+23,1.1161463422724532e+24
2043.0,1.6994558433546758,1.491295626526932,1.9295159442188372,9.435232142897412e+23,7.552681316065358e+23,1.133897978669242e+24
2044.0,1.7189502782313224,1.4987990670475697,1.9550193048074263,9.586634072634265e+23,7.703886617256278e+23,1.1500337888382224e+24
2045.0,1.7216002105528927,1.5017429659204058,1.947769455389191,9.737674737520618e+23,7.833114074519267e+23,1.1715819057984282e+24
2046.0,1.7263738885128819,1.5149595364587456,1.973602870023191,9.892907559685784e+23,7.968934934305322e+23,1.1903763042825581e+24
2047.0,1.7465880728587622,1.5107484316765034,1.993812278543636,1.0048292596506568e+24,8.118023360809993e+23,1.2081690322404853e+24
2048.0,1.7613647059704898,1.5321543564544655,2.0201208757047655,1.0223594221196942e+24,8.283737745106453e+23,1.226078701845995e+24
2049.0,1.7839601805442968,1.550891392644922,2.044821594397228,1.0376912285976464e+24,8.407705389167306e+23,1.2456571150993303e+24
2050.0,1.798064950817437,1.576551454442453,2.0458092091562743,1.0523509746550013e+24,8.520067237062787e+23,1.262623065473975e+24
2051.0,1.7996296813095358,1.5728644171462487,2.0490408076428284,1.0656261679094537e+24,8.638132065907308e+23,1.279863498027047e+24
2052.0,1.796864199945415,1.5701112916075828,2.0638947979392688,1.079438536056864e+24,8.754429355360265e+23,1.2946919439019011e+24
2053.0,1.7989798812784217,1.5467414149782686,2.0783278619154366,1.0922673853301437e+24,8.898796163528361e+23,1.3100979338623785e+24
2054.0,1.803942779695981,1.564535775868519,2.0620303487997433,1.1071323955064425e+24,9.009050056041492e+23,1.3274435141074915e+24
2055.0,1.7970700901051453,1.5855326602540505,2.08477764573505,1.1212561584872305e+24,9.100321250831931e+23,1.3452360176164863e+24
2056.0,1.8239025328560685,1.580015406955544,2.095344974486247,1.1355949760185023e+24,9.212075745455006e+23,1.3638040968616145e+24
2057.0,1.823409474555972,1.583924102947849,2.0988074991970134,1.1497443519938973e+24,9.321193462525698e+23,1.376349779063477e+24
2058.0,1.8288433249616358,1.5974658215418227,2.1038153150219556,1.1638818947653827e+24,9.41940055024673e+23,1.3924310415263145e+24
2059.0,1.8331027100259052,1.5900642009768662,2.126738584192771,1.1799936016943983e+24,9.521112530909638e+23,1.411866848546693e+24
2060.0,1.8349558790256182,1.5918409543457799,2.1281024705056883,1.1937423366138822e+24,9.648428968150228e+23,1.4259376317318123e+24
2061.0,1.8449705141351358,1.59926982524287,2.1353918632822873,1.2051307280491815e+24,9.776906162747425e+23,1.4405661777868432e+24
2062.0,1.839190257829701,1.6004539655400187,2.144057155706585,1.2184153212598576e+24,9.910554343901656e+23,1.4560500054550683e+24
2063.0,1.8480127385822813,1.5871378763950168,2.1403329410016596,1.2304687848922887e+24,1.0035270931519594e+24,1.4730105844548992e+24
2064.0,1.8361070312320193,1.5873092075472806,2.1454573655318185,1.2432589177309113e+24,1.0152088582873418e+24,1.486821688131016e+24
2065.0,1.8431041620476218,1.5846103494703292,2.1470640614647136,1.2566795399670397e+24,1.0235054789925903e+24,1.5030584960165218e+24
2066.0,1.8496136602485465,1.5880061894542297,2.152979211580329,1.2697573831885107e+24,1.0337286853037762e+24,1.5207283808309972e+24
2067.0,1.8660456729961041,1.5771651649599792,2.159181737027417,1.2833918413065578e+24,1.0455903787074287e+24,1.5382855479991048e+24
2068.0,1.856384772099653,1.5887037252205163,2.1718835503608482,1.2974978879728695e+24,1.0545760894759063e+24,1.554491815356324e+24
2069.0,1.8599222779220463,1.6016447010140207,2.1783367392375195,1.3103383295266648e+24,1.0646263529340526e+24,1.5720775952164564e+24
2070.0,1.864327845692768,1.6059297838296462,2.1851300620845895,1.322248200878522e+24,1.0747828319035589e+24,1.587655782074578e+24
2071.0,1.8674780163426554,1.6000917909435708,2.1871126619255574,1.3338438985507555e+24,1.0843504044637852e+24,1.6015250552888096e+24
2072.0,1.8626336308339662,1.5975126238096624,2.179597135684345,1.3475727371851055e+24,1.0954775813284175e+24,1.6153361074869918e+24
2073.0,1.8640707941302717,1.587802883739215,2.181481068621824,1.3591000512995666e+24,1.1045547163497544e+24,1.63045903146417e+24
2074.0,1.8639500879314552,1.5737319824463791,2.1774039180745843,1.3700737622217082e+24,1.1127099158099005e+24,1.6466048030111118e+24
2075.0,1.8578431171193255,1.5629598559631583,2.182839396443642,1.3810421416749625e+24,1.1235770717276615e+24,1.6606337938533487e+24
2076.0,1.8436352071397901,1.5731917654792902,2.179648279486402,1.3919343342429712e+24,1.1320109658524984e+24,1.6730319995249967e+24
2077.0,1.847680347085308,1.5811035406676075,2.176610010042185,1.4025766775000258e+24,1.1386630271946965e+24,1.686319592481555e+24
2078.0,1.8554928051997623,1.5857808128881954,2.165628905097879,1.413306458303173e+24,1.1475137231580552e+24,1.6970918187062453e+24
2079.0,1.8496902623085583,1.583514237318148,2.1734507418733533,1.4228742105710014e+24,1.1576644100544626e+24,1.7134881518760777e+24
2080.0,1.8455023087264002,1.5922882081000629,2.169517091610419,1.4353752841747634e+24,1.1669697688576535e+24,1.7240495455582872e+24
2081.0,1.8406095509491915,1.5786165403425585,2.1870939866292183,1.4454145375836315e+24,1.1752757189737072e+24,1.7394345178618944e+24
2082.0,1.8518253503564754,1.5751002998495534,2.1852127631514273,1.4548754373609797e+24,1.1828193013845045e+24,1.7556896986622698e+24
2083.0,1.8436572574402479,1.58308239953208,2.186882648684335,1.467493500152063e+24,1.1893353655087063e+24,1.7700499141324288e+24
2084.0,1.8481326052528182,1.58459323947651,2.1828281482154557,1.480123535756291e+24,1.1950028105789432e+24,1.7843536902729192e+24
2085.0,1.842364225841498,1.5764123155899052,2.1883114219525908,1.488888484092997e+24,1.2010124285936721e+24,1.7966696760317681e+24
2086.0,1.8366437269075953,1.5639561870787484,2.186136147538542,1.4993048521039747e+24,1.2075331361950985e+24,1.8089910981146395e+24
2087.0,1.828541024120723,1.5515319042235833,2.1954505770569614,1.5095526968225772e+24,1.214865441288809e+24,1.8214374589598382e+24
2088.0,1.820956075133547,1.5423513829780657,2.1797394711251132,1.51738961085117e+24,1.2222652601954148e+24,1.8310435297059317e+24
2089.0,1.8276518948376133,1.5581855481359177,2.181221071458813,1.5286677198263956e+24,1.2276926632932923e+24,1.841665431605541e+24
2090.0,1.8298181224161272,1.552023567011008,2.1684895146124292,1.5408846702419336e+24,1.2365100941943388e+24,1.854415040403617e+24
2091.0,1.8183909195113184,1.5579137331057233,2.178027969911641,1.549629157843703e+24,1.2445503619267657e+24,1.866965012139212e+24
2092.0,1.8294164701400009,1.550022510873586,2.171169895607647,1.5609163158185824e+24,1.2502427879977716e+24,1.8770847394832847e+24
2093.0,1.8236741043794598,1.554317427690927,2.177073360542967,1.5700810920289175e+24,1.2578464518021895e+24,1.890423743844189e+24
2094.0,1.83647531794709,1.557211800222992,2.1962352611112252,1.578906849035801e+24,1.2670578373314404e+24,1.9001546910102107e+24
2095.0,1.832353232694527,1.5551519461871415,2.1829883706279003,1.5883206245413273e+24,1.2782808692926715e+24,1.9118884981555794e+24
2096.0,1.8327176947471056,1.5473404304129743,2.1804163379425274,1.5988886390511373e+24,1.2830456244442884e+24,1.9214427694412358e+24
2097.0,1.8145410108193607,1.5252812175603743,2.1618787936887656,1.6082207409882142e+24,1.2893127021120246e+24,1.933551143004175e+24
2098.0,1.8153961581359974,1.5255976017399506,2.156452603169224,1.6149084384680786e+24,1.2955875410006162e+24,1.9455096909640505e+24
2099.0,1.8014543015973719,1.5139282308997823,2.1665471734739232,1.6234227005482278e+24,1.2996662136147705e+24,1.9567007089715107e+24
2100.0,1.7903602451038436,1.5069375984767215,2.163522437351074,1.6348902841013458e+24,1.3047211173976606e+24,1.9651761587004926e+24
2101.0,1.7979939158639762,1.5130367622160854,2.1632484970243895,1.642897105061779e+24,1.3090681258371127e+24,1.9769830682727534e+24
2102.0,1.7934787305556574,1.51246795349582,2.1756416263314278,1.6513808550568284e+24,1.3139983708537287e+24,1.9845146806586636e+24
2103.0,1.8080024079821966,1.4911728697213529,2.1774255549945694,1.6616620936751426e+24,1.320329603815681e+24,1.99560826249907e+24
2104.0,1.8003618207112535,1.4966282410087657,2.183768360839775,1.669604977248594e+24,1.325675816851249e+24,2.0047544037261573e+24
2105.0,1.792984934876499,1.4900007212212925,2.192472324763407,1.6755229700643854e+24,1.3309057901902645e+24,2.0129097582160247e+24
2106.0,1.7845879321234719,1.48289638673745,2.1676069922833507,1.6835417586629973e+24,1.333013236037392e+24,2.0215435412891612e+24
2107.0,1.7830679159469485,1.47696782557737,2.160745706315517,1.6905706503385717e+24,1.3396053875297467e+24,2.030509838107849e+24
2108.0,1.7693667152036598,1.4762747101517428,2.1636954474162913,1.6950745593915742e+24,1.3429606218661694e+24,2.0399288829011403e+24
2109.0,1.772343754300172,1.4758169667784131,2.1586321671053454,1.7028374444193912e+24,1.3487764724067088e+24,2.0504759870811403e+24
2110.0,1.7642506043404118,1.4601937817646709,2.14024377567396,1.7110333408344296e+24,1.355752863651221e+24,2.0581343773529044e+24
2111.0,1.762680477229184,1.469658158934038,2.1335205739830587,1.7201722610028568e+24,1.3582471052642767e+24,2.0711915350376653e+24
2112.0,1.7590097119741122,1.4666108076641058,2.148649449566572,1.7313251280371905e+24,1.3606132661115804e+24,2.083045428644675e+24
2113.0,1.7689552427248558,1.478227694461149,2.1510282110038537,1.7404873190894068e+24,1.3669832550820468e+24,2.094338898424261e+24
2114.0,1.7720491643838767,1.4815465932528966,2.1442362982710126,1.7473520601016223e+24,1.373830945185977e+24,2.1027316110613057e+24
2115.0,1.7682814629268844,1.4660230797797822,2.157091892515585,1.7535610947576434e+24,1.3806926726474857e+24,2.1124579867125998e+24
2116.0,1.7587969419813252,1.467276998124705,2.13509548505036,1.7609339944772835e+24,1.387489133560837e+24,2.1224840747892165e+24
2117.0,1.7574370208278152,1.457351480800218,2.140843018068525,1.766523221251128e+24,1.3931898174762218e+24,2.1342451156034917e+24
2118.0,1.7357426768434696,1.4477263879000473,2.1204866986644157,1.7704184931222686e+24,1.3967080122652355e+24,2.1456162739032014e+24
2119.0,1.7458117364610868,1.4421393147090447,2.1360815040485726,1.775094797139442e+24,1.4008752579375558e+24,2.1528658408631555e+24
2120.0,1.731019758233261,1.4406386312971688,2.110175575165897,1.7821341825445516e+24,1.4043177425519875e+24,2.160072123340439e+24
2121.0,1.7365620140739673,1.4331358695253582,2.1006756357762986,1.7896532417653415e+24,1.4087277709201823e+24,2.1707304480124153e+24
2122.0,1.7394367206448373,1.4335523046202814,2.132310322228088,1.796178058906971e+24,1.4147186246739487e+24,2.1829052607601354e+24
2123.0,1.7488044131781706,1.427565422818477,2.120014093944045,1.8034538729577598e+24,1.4177959996902905e+24,2.1913132106535612e+24
2124.0,1.7556568111293267,1.4318773924575012,2.1082342123238935,1.81063579441685e+24,1.4227542273428906e+24,2.2016979681979237e+24
2125.0,1.748963432357662,1.4277247977040608,2.1323475715177853,1.8192609001207475e+24,1.4285737251868237e+24,2.207389416429804e+24
2126.0,1.7381202453827536,1.4296172520129724,2.1339317999921366,1.825549441426796e+24,1.4346371160805836e+24,2.215277396117359e+24
2127.0,1.7409911512633296,1.43017573493662,2.105627145118054,1.8314267516637717e+24,1.4409030730047293e+24,2.2240455757315574e+24
2128.0,1.7358856330078107,1.410303930071618,2.1017986061437623,1.835389909680854e+24,1.4435685897690804e+24,2.2325608557547543e+24
2129.0,1.7196812702440445,1.4094378042352076,2.092615606336481,1.8396808176792284e+24,1.443728470696393e+24,2.241384244742204e+24
2130.0,1.713367438725398,1.4073948387277109,2.100041214756925,1.8459140149441002e+24,1.447110634068076e+24,2.2491671524244125e+24
2131.0,1.7116596243551432,1.404485669860843,2.0900277914297627,1.8524894538484072e+24,1.4513134782636357e+24,2.2563190824404465e+24
2132.0,1.7164737382934685,1.4123130196774032,2.0795850510280234,1.8589476278993197e+24,1.454667039016611e+24,2.2633182209171266e+24
2133.0,1.7158134211111826,1.411807900062055,2.0858901871552793,1.8679404339792287e+24,1.4587718626541146e+24,2.2719317598339048e+24
2134.0,1.7042170621836232,1.4281218669229743,2.11126049012854,1.8763958225895912e+24,1.4603232500643178e+24,2.2802795807140107e+24
2135.0,1.7087245939332703,1.4156088834072833,2.107822562150333,1.8834755206282757e+24,1.4654814347820615e+24,2.2853393325105513e+24
2136.0,1.7104080633616252,1.3923730906670717,2.0989929899478965,1.8898850544563994e+24,1.4695007077033818e+24,2.2921180882035023e+24
2137.0,1.7043413415678126,1.3993276580322447,2.1035428089075703,1.896598465694406e+24,1.4730087116337207e+24,2.2971236581768588e+24
2138.0,1.695629765011266,1.3778611431211674,2.0952938536937222,1.9014982254852167e+24,1.478871438510234e+24,2.301282917779105e+24
2139.0,1.690707116404437,1.3806025423702808,2.0956619954840634,1.9055955268077373e+24,1.4826161379983163e+24,2.3101670280874053e+24
2140.0,1.6924511584905635,1.380621472455808,2.079741170082413,1.910320238917455e+24,1.4870552471127667e+24,2.3182549917176638e+24
2141.0,1.6897623939557955,1.3853993638929032,2.078770326009707,1.9132648965155088e+24,1.490091306231985e+24,2.32830547664837e+24
2142.0,1.6900944302556467,1.3821992613938139,2.076491750577002,1.9194962101106864e+24,1.4941611101931195e+24,2.334544841391349e+24
2143.0,1.6820279129156512,1.3975626284861054,2.065120301672111,1.9237920066263688e+24,1.4961993058737452e+24,2.343105785088106e+24
2144.0,1.683224848362539,1.391747502807044,2.067239344291519,1.9309412575795987e+24,1.4990266866870284e+24,2.3509087696260385e+24
2145.0,1.6890972672966935,1.3847941045771714,2.0799836352275416,1.9375722343547754e+24,1.4999458686625476e+24,2.3578317973096467e+24
2146.0,1.6874101253416318,1.3831420983199778,2.0733673133697783,1.9425020273628337e+24,1.5020372409828024e+24,2.3633798568411174e+24
2147.0,1.686856042372645,1.377107249506782,2.0739841903911693,1.9474790191118016e+24,1.5051900913878059e+24,2.3688058256953247e+24
2148.0,1.6786990431569206,1.3751978568183754,2.084288479956446,1.954110134311441e+24,1.5080311493074485e+24,2.3758294301006981e+24
2149.0,1.6697920821885455,1.3671518632913262,2.0696871331132045,1.957637488658643e+24,1.5113902870159612e+24,2.3840513554244422e+24
2150.0,1.6802831344387208,1.358946104870407,2.087176177098668,1.9619468380696723e+24,1.514554608076901e+24,2.3904261157629315e+24
2151.0,1.6739114262845487,1.3538800531294282,2.0565880650483868,1.9638060179564316e+24,1.5099882645707323e+24,2.3983674069690277e+24
2152.0,1.6707369057002193,1.353788235205744,2.0477828022214783,1.9647990600051153e+24,1.5113681776483108e+24,2.4047684375027467e+24
2153.0,1.6651265569442,1.3619841671698762,2.0660760045834414,1.972458861340821e+24,1.5139596920040855e+24,2.4108830579831277e+24
2154.0,1.6712208723868223,1.3712415438431926,2.0647934842268767,1.9807592613648397e+24,1.5156277008529066e+24,2.4190201062544293e+24
2155.0,1.669057722183178,1.3671493345754981,2.0761782718413846,1.984961749076341e+24,1.5204994490253293e+24,2.426592287002773e+24
2156.0,1.6817373251994863,1.3589393337051165,2.0660937058921,1.99107001487755e+24,1.5278036453379454e+24,2.4313970219723305e+24
2157.0,1.6851746294693888,1.3646617551457951,2.0936789993233167,1.9949993063250022e+24,1.531674617872493e+24,2.4376123549346e+24
2158.0,1.6784513934861445,1.3681570932140676,2.0604826502406666,2.0011985356765964e+24,1.5325243586118787e+24,2.4440998119411767e+24
2159.0,1.6661012424827712,1.361922859689584,2.067798638781882,2.0052881931973534e+24,1.5355696001103903e+24,2.4524229887095874e+24
2160.0,1.6627839779008888,1.3637995588875165,2.0716421050638845,2.0094522303347044e+24,1.537651223059354e+24,2.456037499797239e+24
2161.0,1.6543261196185424,1.3459633553660784,2.0675247213006775,2.0105006991014635e+24,1.5411904191412023e+24,2.45936047906967e+24
2162.0,1.6458191257555215,1.345989899983686,2.0596923778702116,2.0153101626762991e+24,1.5437514798334791e+24,2.466659607796477e+24
2163.0,1.6526942810329288,1.3534019661307386,2.072826169523415,2.0200736979376474e+24,1.5453063155972864e+24,2.4759943151130327e+24
2164.0,1.6591279918970423,1.3437541529583512,2.0712395442103766,2.0258884079699495e+24,1.5475581150320952e+24,2.484487950634973e+24
2165.0,1.6599430749187243,1.3494781349935039,2.0752677780248865,2.032560970122859e+24,1.5501371004946463e+24,2.4889631551391324e+24
2166.0,1.6640699631771334,1.352597958153243,2.058308939569565,2.040090128737956e+24,1.5547662573052664e+24,2.497364273129669e+24
2167.0,1.680408893166801,1.3453658316852393,2.0766442959493774,2.0453688034916992e+24,1.5568313423105564e+24,2.508853579566256e+24
2168.0,1.6704262066105453,1.352266694789659,2.072732786776381,2.0491822526398134e+24,1.5594855552850834e+24,2.5157936813502805e+24
2169.0,1.66703397422295,1.3492115299635665,2.060074384097801,2.0560195786337424e+24,1.560667525105989e+24,2.5217368388930044e+24
2170.0,1.6566608971261914,1.344430804867173,2.056541793830406,2.0599071571061e+24,1.5598738805186356e+24,2.5261303365243416e+24
2171.0,1.6423654661890996,1.342220792361016,2.062711056674694,2.063592443061226e+24,1.5608015864155159e+24,2.534514270233519e+24
2172.0,1.6501875505235684,1.3340227981760633,2.067914134506845,2.0655269125035058e+24,1.5641008641584957e+24,2.543309092605247e+24
2173.0,1.6497465968514453,1.326387066895931,2.0568007081287365,2.0681629093708725e+24,1.5661768719433083e+24,2.54880128076621e+24
2174.0,1.648890657006427,1.332796803041973,2.069513657170548,2.070113600869458e+24,1.5633105946136244e+24,2.5565706554873545e+24
2175.0,1.6601953412678865,1.328161736256103,2.07015425669382,2.0761336396252485e+24,1.5666902721482375e+24,2.559943610742321e+24
2176.0,1.6551148569322574,1.3387910335667625,2.08138000270557,2.0792956966679446e+24,1.5716197837562045e+24,2.564906954146354e+24
2177.0,1.6627836150998978,1.3477779248517012,2.094280600223211,2.0840779119711666e+24,1.5753834202783279e+24,2.573255252276636e+24
2178.0,1.6626083782218097,1.3304881896064822,2.0826933967264436,2.0893466756390544e+24,1.5802550736306084e+24,2.581752865319575e+24
2179.0,1.6564662892052984,1.3361404716009349,2.0784587331653066,2.0919999679548997e+24,1.5824556772844956e+24,2.590624784452748e+24
2180.0,1.647740498127676,1.3320338347765366,2.068848430248628,2.0976384282775056e+24,1.58611904074424e+24,2.5975944560727355e+24
2181.0,1.6441696049655792,1.3392556145193044,2.0756362023720807,2.101374444370134e+24,1.5888694499399268e+24,2.599548965662263e+24
2182.0,1.6442871829780223,1.3278388566228838,2.0826356879128927,2.104661320739674e+24,1.5922088894046666e+24,2.6032275499539984e+24
2183.0,1.645987928690403,1.319050748663841,2.072492343244395,2.1082455095520327e+24,1.5946658036201214e+24,2.6063527063842274e+24
2184.0,1.6448469493649813,1.3085900439883198,2.064734867099682,2.1129138104312845e+24,1.5980760888413733e+24,2.614471410731236e+24
2185.0,1.6482260134487026,1.320535683390428,2.067477607771874,2.116474699178616e+24,1.5989534663755495e+24,2.621598642678533e+24
2186.0,1.6494158549318152,1.3072506597783378,2.063434227360087,2.1195406229308856e+24,1.6006034335992662e+24,2.622773626669288e+24
2187.0,1.6482999485601484,1.3126460337231596,2.070209660117574,2.1245481760807019e+24,1.604326113426953e+24,2.627130346558426e+24
2188.0,1.6506367353782683,1.317872095828221,2.068879333230912,2.1279004600644612e+24,1.6077649837188674e+24,2.6339653965864457e+24
2189.0,1.6565941252881107,1.3253132385836248,2.080790827401665,2.134037142461328e+24,1.6102867770732959e+24,2.6374766017116013e+24
2190.0,1.6685511054836806,1.3396717995336707,2.0930154559184038,2.139059025210075e+24,1.610641714054009e+24,2.644628335918833e+24
2191.0,1.6654053139926415,1.344452482288033,2.0685828368345396,2.142815378749914e+24,1.613402505875074e+24,2.646614832456772e+24
2192.0,1.6662118017928351,1.3458734361785245,2.0819234301556726,2.1459370862603053e+24,1.6166357717062755e+24,2.654378429135784e+24
2193.0,1.6514139024483192,1.3335097121163413,2.0602706979379395,2.1487642603749826e+24,1.6202435381317482e+24,2.663052644067361e+24
2194.0,1.650102869757752,1.3345838572089797,2.0649377098237656,2.152111786496479e+24,1.6218909635021184e+24,2.6713553471889625e+24
2195.0,1.652227528986673,1.3230886760451765,2.099804624364469,2.1555897799052628e+24,1.6215416251392688e+24,2.676374228976815e+24
2196.0,1.6521056931769407,1.3246090359396556,2.0998770208804025,2.1589563243363295e+24,1.6210358078150093e+24,2.6796558237890344e+24
2197.0,1.6616207238664957,1.331087390246605,2.0849505449572865,2.164268727995429e+24,1.6241538961498078e+24,2.683793707527488e+24
2198.0,1.6725041572752055,1.320926545803291,2.1001150045631576,2.1686576950949906e+24,1.6269376887376895e+24,2.68916147139727e+24
2199.0,1.6715886138401814,1.3395143616983363,2.0961570155745535,2.1731936222253765e+24,1.6304056586589408e+24,2.693665520100191e+24
2200.0,1.6588200426417548,1.356197673419425,2.0950377770227537,2.1777435993949752e+24,1.6315005194167848e+24,2.698523553946279e+24
2201.0,1.6694335220198129,1.3370356230150797,2.0890715702749336,2.183654778206563e+24,1.6337891094166796e+24,2.702129980654666e+24
2202.0,1.6638618961657574,1.3255173933056614,2.085629265809964,2.1864268255106273e+24,1.637474511001127e+24,2.7090793606821237e+24
2203.0,1.6593785846148181,1.3229206959734585,2.101440386350456,2.1921571788771106e+24,1.6384493152813664e+24,2.718616702335902e+24
2204.0,1.6619266074597139,1.329455705142043,2.099146824875297,2.1951096331268326e+24,1.6371576085205508e+24,2.7271774847560684e+24
2205.0,1.659670332291801,1.3209772027368873,2.10710734624114,2.1997401061204192e+24,1.6360567720930063e+24,2.7315108688762195e+24
2206.0,1.6548201318516438,1.318815892631504,2.0756600501202467,2.2028318576653778e+24,1.640366660361846e+24,2.7353594806914983e+24
2207.0,1.6552028198229964,1.3131937229193968,2.0841338755409753,2.2054260766222514e+24,1.6417721146478884e+24,2.7388231331522087e+24
2208.0,1.6676223192351447,1.3123764483556077,2.0969761079430147,2.2096120558268434e+24,1.641605392999557e+24,2.743741457319449e+24
2209.0,1.6528630181837574,1.3115661223213877,2.0804776624864987,2.215154451419826e+24,1.642688210748083e+24,2.7490398231428857e+24
2210.0,1.6596817194926372,1.323223072286922,2.085585914487114,2.2198467982690504e+24,1.643979353891817e+24,2.7539110613286696e+24
2211.0,1.6708485848563588,1.3315904061772241,2.099296314821529,2.2246906487418332e+24,1.6477629919988628e+24,2.7598218352142557e+24
2212.0,1.67361522527405,1.3307602127019817,2.1003148703574523,2.2282068730649884e+24,1.6510670247506367e+24,2.7680086169670925e+24
2213.0,1.679568300528057,1.343539500980018,2.107483892577603,2.232483411788666e+24,1.651889699502405e+24,2.774339593416718e+24
2214.0,1.663290326352174,1.3343085176001004,2.097053705793513,2.2371715973262275e+24,1.650578623048253e+24,2.7803120249034055e+24
2215.0,1.6730466242101185,1.3318194217909116,2.1101193171906707,2.2399560188562588e+24,1.6533655699555944e+24,2.7814133997614293e+24
2216.0,1.6509687020683017,1.3353700668090067,2.1047423093101507,2.243363072288943e+24,1.6528076291828613e+24,2.7856100513918606e+24
2217.0,1.6506487958813416,1.3417054315213026,2.104509030677736,2.2470407132998603e+24,1.6514352178114555e+24,2.789517654957859e+24
2218.0,1.6593564463133443,1.3178994727894502,2.093968499178767,2.2486663360660263e+24,1.6532107538367354e+24,2.7952029501806955e+24
2219.0,1.666864439057792,1.3195395785446664,2.091183320475592,2.2528018249730532e+24,1.6568455665417038e+24,2.8034553120672134e+24
2220.0,1.6649355486791915,1.3134266337355949,2.1084762827806336,2.255851672043672e+24,1.656471733537799e+24,2.809440614812721e+24
2221.0,1.6691748296708016,1.3233382484357537,2.100021726492876,2.259081711026405e+24,1.660245985215916e+24,2.8156533167318533e+24
2222.0,1.681374777972581,1.336222598415846,2.116885321634376,2.2646844911506106e+24,1.6629130395002121e+24,2.8218177833253447e+24
2223.0,1.685226303609265,1.3384120812824467,2.1351249762699744,2.2663597267396407e+24,1.665235332147136e+24,2.8297557044910657e+24
2224.0,1.6814521378113298,1.3462054991994337,2.1418108836118734,2.2701560313044337e+24,1.666163463103343e+24,2.8365747994817085e+24
2225.0,1.6723409442600512,1.3432983840334536,2.1385899624688536,2.2734507802837665e+24,1.667905348580013e+24,2.8403221433636524e+24
2226.0,1.6839437892962599,1.325039889747123,2.1441010904814384,2.2772096015551365e+24,1.6708092755372024e+24,2.846538094000834e+24
2227.0,1.6824480040453549,1.3329316774939515,2.120525090386921,2.2823609466249718e+24,1.6720700194852142e+24,2.8547993887701103e+24
2228.0,1.6757972008238646,1.3242692638141444,2.113570278381089,2.283753801306758e+24,1.6746983950902884e+24,2.8592288141767555e+24
2229.0,1.674562060961026,1.330759896516932,2.1250253690268437,2.2843510001331714e+24,1.674520163670361e+24,2.862979737037324e+24
2230.0,1.6877421869919649,1.3258115836385969,2.136387721051357,2.2855548279541763e+24,1.6761630383121393e+24,2.8686540734079646e+24
2231.0,1.6852383278086096,1.3172765496882495,2.1459777863365583,2.2893895388347837e+24,1.6781445185489715e+24,2.8732219188196067e+24
2232.0,1.6911839213956006,1.3257015838006527,2.139437230042089,2.2939213722172028e+24,1.6850370301127385e+24,2.8790543448990714e+24
2233.0,1.6863902666893429,1.3185021133172699,2.146576376813888,2.2971447244193469e+24,1.6864060403290214e+24,2.8842114684653465e+24
2234.0,1.683660070842891,1.3295608671449448,2.17060240947026,2.2991265835865305e+24,1.6885050645827242e+24,2.889164970794946e+24
2235.0,1.6830213171682993,1.3385402800599522,2.1580303772414244,2.3026659720600253e+24,1.6896233151429304e+24,2.8906432745865695e+24
2236.0,1.6703935646803871,1.327763258280147,2.1647302672871573,2.3055048699947939e+24,1.691175811173916e+24,2.8917387794579683e+24
2237.0,1.684814559359537,1.316665659502453,2.1548898358890582,2.309985673860574e+24,1.6917632202348078e+24,2.897259046088075e+24
2238.0,1.6754459898706975,1.3180917617315209,2.142440477732794,2.3127841275542998e+24,1.6915596986778207e+24,2.9028322752435163e+24
2239.0,1.6782940316540544,1.3077307866783048,2.1313607594624573,2.3168496459370406e+24,1.6915946980677616e+24,2.9115262452661275e+24
2240.0,1.6709174952719696,1.3241708162235057,2.1207407267812206,2.3195279849407235e+24,1.693515764612061e+24,2.91737874991999e+24
2241.0,1.6792570940194989,1.3207246970217243,2.130249522107122,2.321873206904689e+24,1.693147624051827e+24,2.918659933489247e+24
2242.0,1.6925663486659777,1.334447524010354,2.1343305386985674,2.326261564997719e+24,1.693196006834703e+24,2.925679206211167e+24
2243.0,1.6933876242038457,1.3346571680173107,2.1488964185287664,2.3307729917385376e+24,1.6982205221059113e+24,2.9330679882530966e+24
2244.0,1.6928846434573337,1.327634365808059,2.1450400414760273,2.3359539848032675e+24,1.6977347902647106e+24,2.938499541803728e+24
2245.0,1.7086854054117078,1.33739873844203,2.1558592649865935,2.3408945489500147e+24,1.698765031172687e+24,2.9468781158208856e+24
2246.0,1.6871626668654738,1.3267804773949807,2.1460589297772605,2.3461489078215093e+24,1.7007138526433623e+24,2.953035105927264e+24
2247.0,1.7014849806824837,1.32252324736288,2.155497695678105,2.3488528602463168e+24,1.7021418172022206e+24,2.9594581381476603e+24
2248.0,1.6847887729713438,1.3258112106134383,2.1447316490995356,2.3522337390388085e+24,1.7038840373847628e+24,2.966415476077701e+24
2249.0,1.6885980286424895,1.3148516530185506,2.158774002579345,2.356935901459559e+24,1.7051977602589212e+24,2.969688286488122e+24
2250.0,1.6940554719290295,1.318328579819483,2.160345715164903,2.3619998596540653e+24,1.7065794320254703e+24,2.9750637142372173e+24
2251.0,1.6790194317363778,1.3172503958608637,2.166190956309519,2.3669246754210647e+24,1.707225934838333e+24,2.978188994453758e+24
2252.0,1.6809768020145843,1.3095519615637308,2.140135801510136,2.3695827449349783e+24,1.7061551156337e+24,2.9803207012684035e+24
2253.0,1.6797009821815412,1.3109032987813831,2.1445617066810936,2.37407367614078e+24,1.7039212663349743e+24,2.987623101148624e+24
2254.0,1.6772495345646357,1.3272341164771022,2.1540417598880284,2.3793846082467533e+24,1.7067881451616208e+24,2.992015310046293e+24
2255.0,1.6798115715151924,1.3180984074150641,2.1637176945822634,2.3812843967390686e+24,1.709394246854395e+24,2.9957101761847977e+24
2256.0,1.697532482403556,1.3219476673036448,2.1531813644486557,2.3853549638131407e+24,1.7106992066377599e+24,2.9956854032624077e+24
2257.0,1.7028464186564796,1.3152846170052324,2.163900427581923,2.3842259477417522e+24,1.7129263096199925e+24,3.002195395921123e+24
2258.0,1.705070824034867,1.32422780429064,2.1777387601478635,2.3859576730906397e+24,1.7135983759342818e+24,3.008747035382794e+24
2259.0,1.6967698710211259,1.3118859166939054,2.1693375681902736,2.3907035666420524e+24,1.7158106332163183e+24,3.01549091882526e+24
2260.0,1.6762474479353415,1.312995541353612,2.154912466000896,2.3938791802643592e+24,1.7164768873700613e+24,3.021974905396469e+24
2261.0,1.6774778578431477,1.3019732804487918,2.1741479901009826,2.3936703578126603e+24,1.7180339101816926e+24,3.027926930118116e+24
2262.0,1.6888200166335308,1.3033332408822795,2.1570154767595224,2.3933380131668562e+24,1.718188631937222e+24,3.0310057351165366e+24
2263.0,1.677810576515024,1.2956071738487744,2.151315012686532,2.393269927394204e+24,1.7177324792395742e+24,3.0363745169438884e+24
2264.0,1.6863259980216252,1.2883326990977777,2.1472278219935386,2.3968574710878934e+24,1.717852361369793e+24,3.0372712785592973e+24
2265.0,1.6848009964012518,1.2911763240482768,2.156707798403887,2.4029990542642548e+24,1.718004739996875e+24,3.03965016261281e+24
2266.0,1.6846467099625315,1.2977090784083858,2.1666017135015156,2.401369197298964e+24,1.7186922043365435e+24,3.0485270763904436e+24
2267.0,1.6901530763176886,1.3150135669206209,2.160694955514533,2.4077339723472288e+24,1.7195554355822066e+24,3.055186495799457e+24
2268.0,1.6922762848208313,1.309453362473783,2.170194211023549,2.4164338290168736e+24,1.7204945022416719e+24,3.0630380818270984e+24
2269.0,1.7006667009238454,1.3179213371137577,2.180750625426675,2.4225630665285817e+24,1.72585992648775e+24,3.0663090434229023e+24
2270.0,1.703607842208656,1.3173541280228254,2.1773530535431367,2.4239608328656304e+24,1.7255373433200252e+24,3.0744044427333065e+24
2271.0,1.6948932848241929,1.3194091965867596,2.1681253055457375,2.4252942578642317e+24,1.7237366744079067e+24,3.077519304657439e+24
2272.0,1.6881882193730373,1.30234634929235,2.1705183375683337,2.430103595198916e+24,1.7226235743632798e+24,3.0833963815682656e+24
2273.0,1.682821506943772,1.3124942224792717,2.146248168695191,2.432326811129711e+24,1.724335265025099e+24,3.0849933935731846e+24
2274.0,1.6911747581630405,1.3058844250265613,2.1707735505938075,2.4363641014436704e+24,1.7220105742538447e+24,3.0882316427312646e+24
2275.0,1.6784614531496524,1.2963746104487486,2.1311569511321475,2.43841004643173e+24,1.7231509521523298e+24,3.09472199926173e+24
2276.0,1.684986822172437,1.316668445126319,2.170944386496833,2.441033570844501e+24,1.7258013141357348e+24,3.102775107026837e+24
2277.0,1.6828939421651614,1.312260292710134,2.1726115784385387,2.442802111174908e+24,1.729768183667144e+24,3.107148447477125e+24
2278.0,1.6848678829953343,1.3208327493644925,2.159572178879004,2.445838433419096e+24,1.7334008056258078e+24,3.1127440451323366e+24
2279.0,1.6845128601224417,1.2966265144135225,2.164716543404062,2.448868447895265e+24,1.7336075287670616e+24,3.11565538838719e+24
2280.0,1.6873591421874334,1.3163465958268874,2.1844691201800837,2.4524658303214537e+24,1.7323561892767422e+24,3.123200412518606e+24
2281.0,1.6899552094579633,1.3093418975547861,2.173345496079773,2.4538671888133493e+24,1.7337284889745155e+24,3.12823941604002e+24
2282.0,1.6915426591682148,1.2962635514519778,2.134732885286402,2.4567603818411077e+24,1.7352819199804165e+24,3.129351131318911e+24
2283.0,1.688327438329313,1.313550769835673,2.151100501502725,2.4597641061808763e+24,1.7383510051086707e+24,3.1328037044921866e+24
2284.0,1.6764858634838293,1.3009681060049052,2.1504234341302313,2.462313933256151e+24,1.7391227073418086e+24,3.137250911416177e+24
2285.0,1.6686828892413887,1.312584959754653,2.159712542630594,2.4672918907355674e+24,1.740623628096593e+24,3.1417083899090075e+24
2286.0,1.6840744226888613,1.313916456606237,2.157022713940089,2.470958666914654e+24,1.7397246806651117e+24,3.14653890089949e+24
2287.0,1.6943045929922884,1.3194733560691054,2.170515789781874,2.473261372286709e+24,1.7401393442156993e+24,3.1516243055182296e+24
2288.0,1.706958627790241,1.3249490892873124,2.1561147034987322,2.477199140999327e+24,1.7411492839178816e+24,3.15619872233426e+24
2289.0,1.7010609282067788,1.3206821701811575,2.1886160559193555,2.4791943735713756e+24,1.7405306636161417e+24,3.15794032519095e+24
2290.0,1.6914288900930738,1.3181225591199839,2.1867076139434323,2.4820979249284497e+24,1.7414424293627474e+24,3.160647611476204e+24
2291.0,1.6828854001227083,1.3153703645725765,2.1545768164656005,2.4846794483609357e+24,1.7435335388504744e+24,3.166667904273672e+24
2292.0,1.6788783461969057,1.3114655700046571,2.1659908430805985,2.485660268011918e+24,1.74349852024916e+24,3.1701509070065607e+24
2293.0,1.6802585834906691,1.3087384108769682,2.1684777216538094,2.489407906151987e+24,1.7465613505005013e+24,3.173140353294593e+24
2294.0,1.6654501447330592,1.3096264821735197,2.179387017323726,2.491509249351867e+24,1.7474749243954093e+24,3.1739285494668034e+24
2295.0,1.6657190342964945,1.3072147594042625,2.160405666449643,2.4933655130441143e+24,1.7477443613744663e+24,3.178764213337834e+24
2296.0,1.6711891187438856,1.31900275117204,2.178912159221857,2.495928247908085e+24,1.7488900530302997e+24,3.1847602762515906e+24
2297.0,1.6695755142330775,1.3123214621438968,2.1652944674388253,2.4992876850816516e+24,1.7535474793387196e+24,3.190879035850517e+24
2298.0,1.6848107997083468,1.3147493502028529,2.165840571143825,2.5020730483127125e+24,1.7560809925035712e+24,3.196723198374689e+24
2299.0,1.6870139889276272,1.2967204447523326,2.1766286644362682,2.504897615940381e+24,1.7554560425832396e+24,3.2022411905634506e+24
2300.0,1.6731149136432777,1.307631656487752,2.1673800458683448,2.5063865868590654e+24,1.754305494972473e+24,3.206773635685576e+24
