Region,SLR_factor,SLR_weight_MG,SLR_weight_GIS,SLR_weight_AIS,average_fp_height,total_fp_length,mobcapfrac,surge1_height,surge10_height,surge100_height,surge1000_height,population_fraction,asset_fraction
1,0.9503004274835395,0.9067224518112663,0.7701949501502451,1.0993956253898978,0.7882859210131024,464945.98921722267,0.15283545069627932,1.605965174921405,1.823477359777855,2.0409895446343063,2.2545513329508444,0.010014138161576478,0.004496456433306587
2,0.9742795222560384,0.9530792552445148,0.8410380392582335,1.1002914027183175,1.5669267705897263,51552.39540522103,0.1766988097653034,1.2508177764487458,1.3939932196166647,1.5371686627845884,1.677743793582682,0.010062763437357734,0.0074288097499684526
3,0.9782539215537206,0.9363760001829569,0.8281087929591694,1.0927648630483748,1.6367643801130916,31328.532095263545,0.1523810413888995,1.287714017682415,1.4445226424146256,1.6013312671468352,1.755291984308926,0.010287459405076985,0.009077881334342754
4,0.999817929202591,0.9644581931086103,0.88967394579683,1.1014405590280065,1.6526616137000978,22804.443937343625,0.18008760618439845,1.2894428897206114,1.4498912852213357,1.610339680722061,1.7678740720800004,0.010011649357388644,0.0096759789471562
5,0.9757721226202518,0.9081941221124087,0.8434380893668239,1.0962062076966217,1.8838785844760713,17880.824006057934,0.1637173644498262,1.4996707602953847,1.6691485223328941,1.8386262843704042,2.0050260227804384,0.01005721586993338,0.00735737892057253
6,0.9842062894539159,0.9540641883572442,0.8650910443993339,1.1030676703989692,1.5954051494910308,14782.312204696098,0.15730041241389134,1.2821603519223386,1.4238678070459039,1.5655752621694714,1.7047090771780464,0.010374996566247692,0.008205822516176815
7,0.9747231935552082,0.9452662194363854,0.8380696177095132,1.1041792531846368,1.6808008233343654,12467.258093041195,0.15120612755665697,1.347497254831929,1.4924098684483627,1.6373224820647942,1.779603246035702,0.00996779403303247,0.011127567170296147
8,0.996543883233273,0.959015308023081,0.9127654541088905,1.0776169430718787,1.529831933418844,10810.796470127189,0.16077441885629515,1.228669413197569,1.3630306144384172,1.4973918156792672,1.6293127834524443,0.009985025493540215,0.00974170954812666
9,1.012085094022329,0.9741121670066597,0.9210540325862924,1.1014463356992534,1.5181708097082334,9488.394200840577,0.1487496827178547,1.1877340352521073,1.3335356371171918,1.4793372389822765,1.622490846545427,0.010244293166598965,0.008233162181475925
10,0.9928272213193123,0.9702198270100535,0.8893861650513388,1.104337382408276,1.872536063144274,8340.316436524576,0.15388831782143098,1.5507739186734486,1.699994235140136,1.849214551606823,1.9957247513408496,0.009782969165178105,0.00959109248899621
11,1.0057553095287959,0.9666006231675204,0.8974883850322173,1.1119380908816334,1.6086209986486089,7297.071847840171,0.16484292003867712,1.2509511848079027,1.4075194505079205,1.5640877162079374,1.7178124216715753,0.010085796521086668,0.010446526347004954
12,0.9936917423450696,0.9389504476129718,0.8557167733188055,1.0959457620075133,1.6222774013878112,6518.313286809726,0.14055636211157202,1.2710304493478186,1.425560818739272,1.580091188130724,1.7318150101642638,0.010070692499809446,0.01179639369975448
13,1.005527281319825,0.9531956986948994,0.8914113023088002,1.1018611895608557,1.54940910346836,5820.587945936803,0.16567011322713251,1.1583336213815203,1.3286959554847688,1.4990582895880162,1.6663265358510746,0.010134779890752807,0.0117714252089715
14,1.0274500099762753,1.0077225608074676,0.9968181401199425,1.1128254194240872,1.776319952553848,5299.557153893228,0.17297724261315947,1.4531883982829423,1.5978183899448435,1.7424483816067446,1.8844516598523586,0.009598959060529374,0.008111728453815645
15,0.9895541422219207,0.9608024103428762,0.8862543810387472,1.0934613079437718,1.6805684429928538,4778.441252131553,0.19331849252802513,1.3110918202600141,1.4736763655414593,1.6362609108229036,1.7958926350767126,0.010179169346773834,0.014459591461620186
16,0.990591880339755,0.908847404330594,0.9444836178360718,1.1071994007124193,1.9789278924474556,4451.252921867816,0.16522313396303995,1.5899890504501266,1.7586535643340595,1.927318078217994,2.0929193355355253,0.009912924999443344,0.00857706410414446
17,1.0287779893567055,1.0054449470609474,1.0353730473675826,1.1037643654732658,1.657026073210869,4067.0263649862904,0.18630628723004727,1.3696318458220524,1.5026539463543669,1.6356760468866802,1.7662822392416542,0.00990814103261673,0.006652287415387372
18,1.011095291361152,0.9705004415307872,0.9861744402590653,1.1083801323956366,1.794707071037415,3645.5463238399757,0.17486960386649664,1.4289471864304533,1.5920971931940047,1.7552471999575572,1.9154341108787025,0.010423270588594161,0.010337185853989697
19,0.9773694987296312,0.9360993585445067,0.8895203082213429,1.093872666265094,1.9182144639912375,3361.976814311756,0.1712688944561227,1.5580033600354872,1.7120142108953795,1.8660250617552745,2.0172388223099236,0.010122147840139439,0.011498075570042635
20,0.9760439938964998,0.9336595134886067,0.9515230718942602,1.0710699394737504,1.9882916969233857,3158.5634137623806,0.17592583997820982,1.6240792706625449,1.78738400681015,1.9506887429577553,2.11102761536473,0.010429389779677485,0.010115189875921575
21,0.9307020043543415,0.8947665564031181,0.8459948595371884,1.0220151258047485,1.9304525508777781,2967.614694079434,0.14788886416045036,1.5581077376714334,1.7208881106099447,1.8836684835484556,2.043492461300673,0.01058578920423451,0.014052848978659091
22,0.9819559155221991,0.9288328181929285,0.8220782039521918,1.1035858007971986,2.3624496292776462,2767.992293051216,0.16557117238860564,1.8373630067177595,2.0662914139236226,2.2952198211294847,2.5199904708645757,0.010420040368889326,0.012145335709000279
23,1.0107909904023964,0.9616506756437607,0.9509193584825757,1.1154226601151387,1.4856382892445819,2644.997718911462,0.1755138704957595,1.1725733992635745,1.313503533730113,1.4544336681966505,1.592804280198102,0.0102044899923981,0.014343877196336913
24,1.0185452442366856,0.9898977244990964,0.9921778947367441,1.1205829079255079,1.924854128078541,2466.2987126165326,0.19058048133781527,1.5899472867596214,1.7425881161688426,1.895228945578062,2.0450975323551757,0.010156011597565887,0.009687940766732154
25,1.0184277862805309,0.9968911767304629,1.0136482022640563,1.106785628030886,1.848303217325732,2339.049371768553,0.18299965519537645,1.4521882442270548,1.6217729057938928,1.791357567360728,1.9578623168720146,0.010556705049032838,0.009596399810278995
26,1.0245506021928494,0.9940791893458819,0.9910877264756852,1.10624889532838,1.6132135206772678,2209.647987637928,0.15502026267703753,1.2861325795244236,1.4301018327497685,1.5740710859751152,1.715425591397468,0.010066154038158978,0.01271375539141207
27,0.9928610699237795,0.9797752887871953,0.9407754697827875,1.0987171190141418,1.492971091534974,2063.856567077243,0.17729125383402092,1.1696125665320614,1.3179178311524316,1.4662230957728042,1.6118348821488961,0.009889618085588414,0.011805635820865643
28,1.0195794493972308,1.0029970604517582,1.0384954185425508,1.10041803676417,2.01812255733624,1932.193282486002,0.19049980245094025,1.6710473315563965,1.8276177888043261,1.9841882460522586,2.1379151359415776,0.009746683578228232,0.005337016976497926
29,1.0261640775507765,0.9788538933373775,1.0285644272345753,1.1146358673493264,2.037992212333136,1833.553685733161,0.210691874400306,1.4781002624403057,1.7167418816575617,1.9553835008748193,2.189690949930046,0.01039063162790234,0.013996853124465728
30,0.9651119778476198,0.946604357535613,0.922068106196153,1.110607311107584,2.1820404323102722,1795.4081908634296,0.17458565338502327,1.7370438601462355,1.9256959920527608,2.114348123959283,2.2995740541630663,0.010526959027404132,0.010585744144153796
31,1.0300136518336227,0.9925142967738152,1.0343001421194042,1.1156596302706305,1.7089362014996148,1698.3764560346224,0.194239361236156,1.1766693958346717,1.405245172020836,1.6338209482070012,1.8582453986001537,0.010342100553863198,0.01165043288917925
32,1.027920521527236,0.9969892278247346,1.019604868255526,1.106363527791364,1.5593404167571265,1606.4639075973437,0.2034288309556888,1.289507736943542,1.4128170933739583,1.5361264498043765,1.6571963242032313,0.009377275217804446,0.008269876179253611
33,0.947652119827216,0.9069715542264388,0.9676802267891241,1.0507843787568218,2.2212285807047323,1528.7031986879576,0.1704559622681926,1.8181087834732774,2.0049916350514336,2.19187448662959,2.3753632634578343,0.010637061438880508,0.013374689291925217
34,0.8636739973352769,0.8383635001939259,0.8403743110743636,0.9334852283639447,2.228110958152426,1437.913570909867,0.18764830472584107,1.8068067501873577,1.98997607272038,2.1731453952534006,2.352988080533849,0.010205123996167508,0.01357668544963653
35,1.031314308081923,0.9640297048265303,1.0315232854736223,1.1101964466791414,1.658611772594359,1351.0852543830865,0.1814230235850322,1.2814124954334107,1.4457441269921294,1.6100757585508474,1.771422775139382,0.00944390604108409,0.01131737888243878
36,1.0020850218665969,0.960890739948929,0.9143220240591201,1.0884852359472152,1.166007762183219,1280.881261784358,0.18749561412072424,0.8442949147718047,0.9853210785635748,1.126347242355344,1.2648121315605318,0.009193508408457016,0.010454265434575035
37,1.0138901549975177,0.8978472355310253,1.020457193971708,1.1207623220951644,1.6259779945809563,1225.3372733863348,0.18939560600293706,1.3162565789050016,1.4548191276859852,1.5933816764669688,1.7294277534041407,0.009260062126712005,0.012360024479509958
38,1.0241051994123176,0.9902618455816345,1.0077054111943595,1.095695921004366,1.5018167191741496,1182.6940721608025,0.1867108232493502,1.1974394192432969,1.3300774869960341,1.4627155547487716,1.5929446640439267,0.009409750169834427,0.008092720642505883
39,1.0331277707242026,0.9969949583621894,1.0330807198910539,1.1118373762916791,1.5710364311446303,1095.4249677577366,0.18476963172559194,1.29654830981658,1.4152619708469836,1.533975631877387,1.6505332586905026,0.010154127556513258,0.014012581170760654
40,1.0096625597058875,0.9761516971495358,0.9776643959035147,1.0961477020901222,1.6180024277550333,1035.145464753994,0.1846923677176629,1.2955440453925933,1.4416387704036364,1.5877334954146805,1.7311749365795799,0.009489811886634449,0.011923369248550671
41,1.0167331690038668,0.9734112845422841,1.0181481038951277,1.1015853526162491,2.1824459882068354,995.6070758461246,0.18685405815013162,1.7193947944430719,1.9257603866825972,2.132125978922123,2.3347435564773638,0.01012964468645013,0.013608547699668854
42,1.0288018187618244,1.017414365273494,1.0157043292440786,1.1133620635534258,1.5761481295946251,947.4896534383529,0.18158469610008388,1.2412648048075785,1.3881232428537829,1.5349816808999879,1.6791729527381363,0.009088369374497871,0.015125222914117371
43,1.031743680155423,1.001464761238589,1.0188770792922541,1.105137942580429,1.8575372807829134,922.0478271646833,0.19578220305054683,1.618585722182066,1.734321283270797,1.8500568443595276,1.9636903792469647,0.009317874467494512,0.006051951875702608
44,1.0211645593523346,0.9419323983320439,1.0268359691182523,1.1064422748824612,1.6385786777884426,881.7676667360954,0.17989177945033563,1.273924788217437,1.4411418596140968,1.608358931010756,1.7725390351252797,0.009909275621309813,0.014443241141267209
45,1.0330634864099872,0.9887881682821256,1.032766616267142,1.1159630765624353,1.5770128282677598,834.5781934835836,0.1816997488448751,1.3226398453140882,1.4410983958500516,1.559556946386017,1.675864064350276,0.009528024892825459,0.008845265166657257
46,0.9734399597075764,0.9394906619012686,0.8921851297745211,1.0931609735655394,1.3088843380205502,784.4398939693073,0.17177439984246512,0.9350132178682354,1.0923681157175524,1.2497230135668689,1.4042200259539195,0.01016723603490638,0.019960597798982682
47,1.0542910520772242,1.0465688333473275,1.0854646541023438,1.1220986709951533,1.6239674662353456,756.446454596783,0.19266208581436634,1.3313367535934206,1.4641422165051396,1.5969476794168596,1.7273411501113833,0.009125020893933782,0.0037663659988269775
48,1.0597087806216654,1.031588438204216,1.0989783671216262,1.1254175600000997,2.180001044058377,720.1592166023217,0.23751484199535797,1.7906782050142434,1.957602677299479,2.1245271495847167,2.2884199877576115,0.010299203437932345,0.0040905812944494295
49,1.0403045820332837,1.0058200952873566,1.071402215406555,1.1099925597552227,1.6962424555517186,692.4097104358539,0.22168820828222538,1.3957399593426856,1.5270092106802533,1.658278462017822,1.7871637103170295,0.009689794751034072,0.0034229319240099225
50,1.0544575266443261,1.0181317137404013,1.0863797201840935,1.1203742039373086,1.2596484170418019,674.1077284531488,0.2161515981860516,1.000268599223246,1.129296876350373,1.2583251534775004,1.385010067623078,0.00982545441850842,0.0024063204488278178
51,1.0084546452647343,0.9660686326068852,1.0145625113190777,1.1152544575577017,1.5702974069600453,626.0079132137363,0.2035220527386776,1.1812812281191198,1.3574555771350725,1.533629926151024,1.7066046182439523,0.010351115340200555,0.009295805193081748
52,1.0059351797111038,0.9574943611208534,0.9702511278565704,1.1193830379899765,2.2147625013955397,599.3109236583829,0.20033389518502706,1.7401817325833193,1.9517203197065156,2.1632589068297134,2.370955637298418,0.010099714656090606,0.01382124022262281
53,1.0433913463150126,1.0075411615914243,1.019470698338071,1.1240837339793304,2.114257495324276,571.4946157866336,0.20679018220728546,1.7840504264428307,1.9283149103814756,2.072579394320121,2.214223780614136,0.009462006242457893,0.009594269338530461
54,1.02789126394837,0.9801216478340202,1.04275816057066,1.1195992942898056,2.2675479628883046,533.6602921111842,0.22129067533278546,1.6974481467373295,1.9436633872568163,2.189878627776306,2.431622215013259,0.010837391150271831,0.006004856688658533
55,1.0597990171574883,1.0058011541990897,1.1180087787576918,1.100263145261662,2.0240251665150253,517.625524688492,0.22018980169148625,1.6813256332199031,1.8317811253407443,1.982236617461587,2.1299595996574756,0.01039477043480258,0.011553276362450335
56,1.0577922281214174,1.0209279964145288,1.0701050196922923,1.1211664551514435,1.736374449948498,480.7695048848821,0.20179846260405762,1.478360251056559,1.593984001915899,1.70960775277524,1.8231315282787361,0.010101146849045894,0.007607465757051655
57,0.9817651341734311,0.9782293257714372,0.890914289201912,1.1170858846743361,2.0206233561498816,470.102531431062,0.2272943460168752,1.5429989164980402,1.740659885706997,1.9383208549159556,2.1323919619576417,0.009698575471249627,0.021068038313631982
58,1.0417236901905944,1.0292564884635278,1.0793915849793712,1.1193547152928742,1.5473556100318724,441.9501553917915,0.1945228248971426,1.1927848793067966,1.3461599437134089,1.49953500812002,1.650124492581008,0.009667615445846297,0.004652899172697389
59,1.0430418123599547,0.977364939967614,1.0664145974013395,1.1107708266801142,1.393621858331,427.4647157974384,0.20642787866861437,1.1349549532126562,1.2629986422505182,1.3910423312883804,1.5167605654070417,0.009854579785679768,0.004805716755281753
60,1.0320087681615937,0.9865255655711346,1.046996529469246,1.1095723063724503,1.3850995874379595,409.9724920873164,0.18299032691093686,1.1283970164574104,1.249323617675621,1.370250218893831,1.4889805712849278,0.008269718227221562,0.007305191156573671
61,1.0639078800473716,1.0066008405838553,1.1078477296233555,1.131223061200791,2.001143136134267,385.64976170633645,0.18927469104717495,1.5636218611676063,1.7539371272760673,1.9442523933845282,2.1311112343909833,0.011047669352012231,0.015158589251640502
62,0.9808865124894116,0.8173354296576538,0.666582162751321,1.0760584266820874,1.721585923258165,371.98975999927313,0.13195854652351835,1.0747212413396348,1.3527538901202614,1.6307865389008867,1.9037696577674341,0.010139621662531552,0.024971911472412036
63,1.0641409999746414,1.0322286690156286,1.1040781275684497,1.125344744632863,1.760175455456228,345.6014578484396,0.19007903955724148,1.510494603130516,1.627148218977895,1.7438018348252746,1.8583366943168913,0.01006961670233087,0.004705009310981581
64,1.0600107055929078,1.0531192649302634,1.1152351906253128,1.1189239211852948,1.9206111301174333,341.8869057854441,0.18643858902136234,1.636685577536611,1.7701239315706854,1.9035622856047598,2.0345771743681365,0.009512961670749035,0.0051654881113868895
65,0.9596015209144771,0.9528312504667711,0.9529903274024232,1.113200474378615,2.310574618471989,334.33663407574926,0.20972597950267502,1.5391682372083253,1.8426117446924657,2.146055252176606,2.443987574829728,0.011713629639563256,0.0168329856247169
66,0.9302063925842915,0.8796450800660359,0.7093107568881527,1.0841131859894406,2.064029528861596,328.87545507849336,0.1730483525778712,1.4936440104980782,1.714824656983178,1.9360053034682798,2.1531688434149454,0.010052519328863339,0.02206770328296919
67,1.0156049779225287,0.9700464957589758,1.0954041821157492,1.0293770194615175,2.0364245245823884,315.2155738831695,0.16731546702980898,1.3570671002639039,1.642238609008112,1.9274101177523193,2.207402482854992,0.008912573587046113,0.010909201709046835
68,1.0147651593971456,0.9825025614796282,1.0527429122993943,1.0869261578223088,2.144109782525418,302.48213193680726,0.2031983446096196,1.4584215087773598,1.7338976036158325,2.009373698454307,2.2798467197568377,0.01069942937927327,0.016305514974698333
69,1.0144743969565935,0.9730228496368353,1.0326419928243153,1.1078484624788494,2.043706765076937,292.43388619480464,0.20115585404165875,1.7731104904099393,1.8996123029754042,2.0261141155408695,2.1503184865158276,0.009966075339541912,0.010891012516952731
70,0.9682951800094878,0.9512346408635747,0.821987829182709,1.1117265117228823,2.6336342522098297,279.96560523263634,0.20886555744078417,2.055391254659699,2.2909991354590797,2.5266070162584637,2.757935882325585,0.010583744498232833,0.020182906913573467
71,1.0379983022131192,0.9744392748880503,1.0990337484112722,1.080021065661336,1.8249129308552574,259.0635551408009,0.17404955372602904,1.5021136430453674,1.6649582805784642,1.8278029181115614,1.9876900373346222,0.00947191254598505,0.004300073860651823
72,1.0195608966935137,0.9094597826000544,1.0457180950264118,1.0891331490833454,3.533883649434498,257.12824648653225,0.2186296638038476,3.0926542377605633,3.310420875089462,3.5281875124183597,3.7419993767451425,0.009795928699373187,0.003661500369144025
73,1.0627246865115363,1.0129332561464854,1.108268600509288,1.1324102765457886,2.1907768731002566,243.42172868471016,0.18523349526996533,1.6588387612099118,1.8825450528927727,2.1062513445756363,2.325894878991812,0.011285976896385686,0.01739439613964813
74,1.0447614595154153,1.0011895925695988,1.0768998667550538,1.1198159054254946,1.790101350805651,236.59610816727778,0.22839052071207952,1.3171754246870497,1.5209434850430885,1.724711545399129,1.9247789166905236,0.010096135320144018,0.0040294221201275715
75,1.0652390672666878,0.9967075266311126,1.1102872270763473,1.1301621840729037,1.7475766483573711,232.03548252504802,0.2243192945339954,1.2209101242820024,1.4366378298401177,1.6523655353982327,1.8641753405494612,0.011896388607906582,0.0172426725923869
76,1.027460042075622,0.9089139695800484,1.0633909834769195,1.0969195254453485,2.505068036232542,221.19761959634002,0.16348841985332335,2.0613800836807963,2.29630585789834,2.531231632115886,2.761890773130845,0.009524948747381115,0.005861890527208343
77,1.0366176076634737,0.9373778968213311,1.0496240365453888,1.094233192239647,2.043825272767113,206.29618222705318,0.2302471206038779,1.5157207345623651,1.7376192225219307,1.9595177104814963,2.177386193599481,0.009830891782168318,0.008034179673193743
78,1.0218970034828196,0.9616904462925935,1.0507785725642034,1.1051590263385256,3.168033929057245,185.13202967190486,0.23565234617892564,2.21794482056772,2.6062392002669252,2.99453357996613,3.3757759484491485,0.010828000606231965,0.00673741485451574
79,1.068178298900558,1.0165357448167305,1.105167639250683,1.1206080052421143,1.7603649403862887,177.65498855059735,0.20877639032608425,1.1574583813000878,1.403463768218381,1.6494691551366751,1.8910066915732382,0.011068542077146717,0.007024802941147918
80,1.0499786859621374,0.9636876583099366,1.092137694358826,1.1162730455398566,1.4163851713201099,175.51804586702218,0.23282660543918593,0.7673640251159664,1.0323666334152224,1.2973692417144778,1.5575590133666986,0.011653982924446296,0.004095380298641253
81,1.0488722776246098,0.9612502300869594,1.0902119630932492,1.115215709830536,1.4412296953040518,174.70842306929865,0.23282660543918587,0.788393089043363,1.0549535213339591,1.3215139536245541,1.5832332512482827,0.011622867967127515,0.004056827577359737
82,1.0716383546733586,0.9976501129495692,1.1095402753849024,1.1223232526401394,1.385413356092234,161.5278206101676,0.23266078989398006,0.8136078194866301,1.0525666142465389,1.291525409006448,1.5261444478623714,0.011152448314693737,0.004894285823807299
83,1.0549671944775314,1.0129572938969633,1.0800959514189323,1.122350704269599,1.3654109179352938,156.7047790566611,0.25645061603768793,0.9420875336808708,1.1248854776135755,1.3076834215462794,1.4871613958424894,0.010076752597511368,0.006900042976203481
84,1.0284409399538015,0.9667987506888575,1.0508852385392429,1.1147257610181516,1.4941490809600748,145.92555366664843,0.18297934505390362,1.1239450601460077,1.27731298706569,1.4306809139853724,1.5812634287004046,0.011432624978650413,0.029463353206362484
85,1.0296513229701376,0.9962160163560346,1.0808723324387468,1.111053159791283,2.1773611308554988,135.08489117826568,0.19745136129317853,1.6619731912016866,1.8840440788191408,2.106114966436596,2.3241527357231817,0.009685873385300253,0.006316257918399411
86,1.0288964817750401,0.9649485765744235,1.0497548723782444,1.0961867571984634,2.2773314972079235,127.5997254152641,0.20948674573436196,1.9908153394211028,2.118679830830236,2.2465443222393686,2.372086437294327,0.009132037782802173,0.005734198786601701
87,1.0087920673699682,0.9416734003578124,1.001662954547444,1.059626230485089,2.258115675232259,121.35023341600292,0.18352810455787885,1.8846823811210918,2.0464299916111592,2.2081776021012285,2.3669874478527086,0.0089132081000795,0.005989271795689911
88,1.0236660042751522,0.950728515150643,1.0492052510521435,1.1006199885256622,1.9047326163529164,103.7691968896604,0.19816328004121572,1.5588997798376951,1.7174313777046313,1.8759629755715685,2.031615346058132,0.009056180537916436,0.011478132214518011
89,1.0092024083657816,0.8616874814033512,1.0363761186599734,1.073074221611023,2.642631263011033,94.91578155471122,0.16364072263240817,2.1365261077880877,2.3958816528320326,2.6552371978759775,2.909882307052612,0.009245816755618004,0.0025303254919577865
90,1.0092024083657816,0.8616874814033503,1.0363761186599725,1.073074221611022,2.6426313005340183,94.1121625647121,0.16364072263240803,2.136526107788087,2.395881652832032,2.6552371978759783,2.9098823070526123,0.009167545808810715,0.0025089045347747043
91,1.030134976066925,0.9563310423372305,1.0375748171173425,1.093115294173967,2.5905923102725215,94.56423603817962,0.20012427677287892,2.347363936930078,2.4692411813664044,2.59111842580273,2.7107821696470773,0.00867874066620595,0.004138439292144766
92,1.0311956259223094,1.0205505930969714,1.038645418648328,1.096926159669441,1.534801698647873,91.04434412360833,0.18215684931895681,1.184144501288472,1.3321390321205395,1.480133562952608,1.6254403731368667,0.008093777662798032,0.009429945476079673
93,1.0546114788048475,0.9707419276237493,1.0990945100784306,1.1229926347732542,3.0293016644643362,80.17215754245268,0.23282660543918618,2.160090684890748,2.5143609046936053,2.8686311244964626,3.216467380523683,0.011696255563211801,0.007200813501194157
94,1.022519065682317,0.9587507644353864,1.0037697464691724,1.1275183186277309,2.0696768283720735,75.68106003469354,0.19140456210187856,1.5199175930109639,1.7471364692749736,1.9743553455389813,2.197447647554007,0.011819578110814806,0.03331311284941509
95,1.0141926747991348,0.8730723338062819,1.039505030205535,1.079498479140331,1.8185313338709843,48.39970885712013,0.22632837093439695,1.3880164625793774,1.5720223439689884,1.7560282253585984,1.9366922213484228,0.009143391934146539,0.00328494506069379
96,1.0145472581190007,0.8736733794212344,1.04235863685608,1.0803076028823857,1.7982832704519645,48.41933926888872,0.2251925915479661,1.387911200523376,1.5645608901977526,1.7412105798721305,1.9146519899368273,0.008982544517613397,0.0033956287336351022
97,1.0145472581172077,0.8736733794212344,1.0423586368560795,1.0803076028823855,1.7982833394677256,48.05775511882606,0.2251925915479659,1.3879112005233771,1.5645608901977528,1.741210579872132,1.9146519899368295,0.008915475179837134,0.0033702752805382418
98,1.0486462095962414,1.018038727555468,1.0940263913018227,1.1084699498669721,1.4960727911361436,43.1462286409587,0.164792622193539,1.1673913633922879,1.3084520547491205,1.4495127461059532,1.5880114612427592,0.009468631167144685,0.009854497376194675
99,1.0662994345769787,1.0413889327874393,1.103567955943861,1.122245889009988,0.9271864347246984,33.78193270831903,0.1902348404806508,0.7761847923382704,0.8493965039087643,0.9226082154792569,0.9944902688352587,0.009082352424465543,0.007317823994313732
100,1.0937999147897002,1.0722020934587493,1.1480695209060567,1.1530134692350429,1.2757139937797437,26.880098711072012,0.22613707277078665,0.9726539039673892,1.1264327809592216,1.280211657951054,1.4311975440979479,0.008957428815472082,0.007822317474171794
